prompt 워크북용 스크립트

set feedback off
set define off

DROP TABLE TB_DEPARTMENT CASCADE CONSTRAINTS;
PROMPT DROPPING TB_CLASS...
DROP TABLE TB_CLASS CASCADE CONSTRAINTS;
PROMPT DROPPING TB_PROFESSOR...
DROP TABLE TB_PROFESSOR CASCADE CONSTRAINTS;
PROMPT DROPPING TB_CLASS_PROFESSOR...
DROP TABLE TB_CLASS_PROFESSOR CASCADE CONSTRAINTS;
PROMPT DROPPING TB_STUDENT...
DROP TABLE TB_STUDENT CASCADE CONSTRAINTS;
PROMPT DROPPING TB_GRADE...
DROP TABLE TB_GRADE CASCADE CONSTRAINTS;



PROMPT CREATING TB_DEPARTMENT...
CREATE TABLE TB_DEPARTMENT
(
  DEPARTMENT_NO   VARCHAR2(10) NOT NULL,
  DEPARTMENT_NAME VARCHAR2(40) NOT NULL,
  CATEGORY        VARCHAR2(40),
  OPEN_YN         CHAR(1),
  CAPACITY        NUMBER
)
;
COMMENT ON COLUMN TB_DEPARTMENT.DEPARTMENT_NO  IS '학과 번호';
COMMENT ON COLUMN TB_DEPARTMENT.DEPARTMENT_NAME  IS '학과 이름';
COMMENT ON COLUMN TB_DEPARTMENT.CATEGORY  IS '계열';
COMMENT ON COLUMN TB_DEPARTMENT.OPEN_YN  IS '개설 여부';
COMMENT ON COLUMN TB_DEPARTMENT.CAPACITY  IS '정원';

ALTER TABLE TB_DEPARTMENT
  ADD CONSTRAINT PK_DEPARTMENT PRIMARY KEY (DEPARTMENT_NO);


PROMPT CREATING TB_CLASS...
CREATE TABLE TB_CLASS
(
  CLASS_NO              VARCHAR2(10) NOT NULL,
  DEPARTMENT_NO         VARCHAR2(20) NOT NULL,
  PREATTENDING_CLASS_NO VARCHAR2(20),
  CLASS_NAME            VARCHAR2(60) NOT NULL,
  CLASS_TYPE            VARCHAR2(20)
)
;
COMMENT ON COLUMN TB_CLASS.CLASS_NO  IS '과목 번호';
COMMENT ON COLUMN TB_CLASS.DEPARTMENT_NO  IS '학과 번호';
COMMENT ON COLUMN TB_CLASS.PREATTENDING_CLASS_NO  IS '선수 과목 번호';
COMMENT ON COLUMN TB_CLASS.CLASS_NAME  IS '과목 이름';
COMMENT ON COLUMN TB_CLASS.CLASS_TYPE  IS '과목 구분';

ALTER TABLE TB_CLASS  ADD CONSTRAINT PK_CLASS PRIMARY KEY (CLASS_NO);
ALTER TABLE TB_CLASS  ADD CONSTRAINT FK_CLASS_01 FOREIGN KEY (PREATTENDING_CLASS_NO)
  REFERENCES TB_CLASS (CLASS_NO) ON DELETE SET NULL;
ALTER TABLE TB_CLASS  ADD CONSTRAINT FK_CLASS_02 FOREIGN KEY (DEPARTMENT_NO)
  REFERENCES TB_DEPARTMENT (DEPARTMENT_NO);

PROMPT CREATING TB_PROFESSOR...
CREATE TABLE TB_PROFESSOR
(
  PROFESSOR_NO      VARCHAR2(10) NOT NULL,
  PROFESSOR_NAME    VARCHAR2(40) NOT NULL,
  PROFESSOR_SSN     VARCHAR2(14),
  PROFESSOR_ADDRESS VARCHAR2(200),
  DEPARTMENT_NO     VARCHAR2(20)
)
;
COMMENT ON COLUMN TB_PROFESSOR.PROFESSOR_NO  IS '교수 번호';
COMMENT ON COLUMN TB_PROFESSOR.PROFESSOR_NAME  IS '교수 이름';
COMMENT ON COLUMN TB_PROFESSOR.PROFESSOR_SSN  IS '교수 주민번호';
COMMENT ON COLUMN TB_PROFESSOR.PROFESSOR_ADDRESS  IS '교수 주소';

ALTER TABLE TB_PROFESSOR
  ADD CONSTRAINT PK_PROFESSOR PRIMARY KEY (PROFESSOR_NO);
ALTER TABLE TB_PROFESSOR
  ADD CONSTRAINT FK_PROFESSOR_DEPARTMENTNO FOREIGN KEY (DEPARTMENT_NO)
  REFERENCES TB_DEPARTMENT (DEPARTMENT_NO);

PROMPT CREATING TB_CLASS_PROFESSOR...
CREATE TABLE TB_CLASS_PROFESSOR
(
  CLASS_NO     VARCHAR2(10) NOT NULL,
  PROFESSOR_NO VARCHAR2(10) NOT NULL
)
;
COMMENT ON COLUMN TB_CLASS_PROFESSOR.CLASS_NO  IS '과목 번호';
COMMENT ON COLUMN TB_CLASS_PROFESSOR.PROFESSOR_NO  IS '교수 번호';

ALTER TABLE TB_CLASS_PROFESSOR
  ADD CONSTRAINT PK_CLASS_PROFESSOR PRIMARY KEY (CLASS_NO, PROFESSOR_NO);
ALTER TABLE TB_CLASS_PROFESSOR
  ADD CONSTRAINT FK_CLASS_PROFESSOR_01 FOREIGN KEY (PROFESSOR_NO)
  REFERENCES TB_PROFESSOR (PROFESSOR_NO);
ALTER TABLE TB_CLASS_PROFESSOR
  ADD CONSTRAINT FK_CLASS_PROFESSOR_02 FOREIGN KEY (CLASS_NO)
  REFERENCES TB_CLASS (CLASS_NO);

PROMPT CREATING TB_STUDENT...
CREATE TABLE TB_STUDENT
(
  STUDENT_NO         VARCHAR2(10) NOT NULL,
  DEPARTMENT_NO      VARCHAR2(10) NOT NULL,
  STUDENT_NAME       VARCHAR2(40) NOT NULL,
  STUDENT_SSN        VARCHAR2(14),
  STUDENT_ADDRESS    VARCHAR2(200),
  ENTRANCE_DATE      DATE,
  ABSENCE_YN         CHAR(1),
  COACH_PROFESSOR_NO VARCHAR2(20)
)
;
COMMENT ON COLUMN TB_STUDENT.STUDENT_NO  IS '학생 번호';
COMMENT ON COLUMN TB_STUDENT.DEPARTMENT_NO  IS '학과 번호';
COMMENT ON COLUMN TB_STUDENT.STUDENT_NAME  IS '학생 이름';
COMMENT ON COLUMN TB_STUDENT.STUDENT_SSN  IS '학생 주민번호';
COMMENT ON COLUMN TB_STUDENT.STUDENT_ADDRESS  IS '학생 주소';
COMMENT ON COLUMN TB_STUDENT.ENTRANCE_DATE  IS '입학 년도';
COMMENT ON COLUMN TB_STUDENT.ABSENCE_YN  IS '휴학 여부';
COMMENT ON COLUMN TB_STUDENT.COACH_PROFESSOR_NO  IS '지도 교수 번호';

ALTER TABLE TB_STUDENT
  ADD CONSTRAINT PK_STUDENT PRIMARY KEY (STUDENT_NO);
ALTER TABLE TB_STUDENT
  ADD CONSTRAINT FK_STUDENT_01 FOREIGN KEY (DEPARTMENT_NO)
  REFERENCES TB_DEPARTMENT (DEPARTMENT_NO);
ALTER TABLE TB_STUDENT
  ADD CONSTRAINT FK_STUDENT_02 FOREIGN KEY (COACH_PROFESSOR_NO)
  REFERENCES TB_PROFESSOR (PROFESSOR_NO) ON DELETE SET NULL;

PROMPT CREATING TB_GRADE...
CREATE TABLE TB_GRADE
(
  TERM_NO    VARCHAR2(10) NOT NULL,
  STUDENT_NO VARCHAR2(10) NOT NULL,
  CLASS_NO   VARCHAR2(10) NOT NULL,
  POINT      NUMBER(3,2)
)
;
COMMENT ON COLUMN TB_GRADE.TERM_NO  IS '학기 번호';
COMMENT ON COLUMN TB_GRADE.STUDENT_NO  IS '학생 번호';
COMMENT ON COLUMN TB_GRADE.CLASS_NO  IS '과목 번호';
COMMENT ON COLUMN TB_GRADE.POINT  IS '학점';

ALTER TABLE TB_GRADE
  ADD CONSTRAINT PK_GRADE PRIMARY KEY (TERM_NO, CLASS_NO, STUDENT_NO);
ALTER TABLE TB_GRADE
  ADD CONSTRAINT FK_GRADE_01 FOREIGN KEY (STUDENT_NO)
  REFERENCES TB_STUDENT (STUDENT_NO);
ALTER TABLE TB_GRADE
  ADD CONSTRAINT FK_GRADE_02 FOREIGN KEY (CLASS_NO)
  REFERENCES TB_CLASS (CLASS_NO);

--PROMPT DISABLING FOREIGN KEY CONSTRAINTS FOR TB_DEPARTMENT...
--ALTER TABLE TB_DEPARTMENT DISABLE CONSTRAINT FK_DEPARTMENT_01;
PROMPT DISABLING FOREIGN KEY CONSTRAINTS FOR TB_CLASS...
ALTER TABLE TB_CLASS DISABLE CONSTRAINT FK_CLASS_01;
ALTER TABLE TB_CLASS DISABLE CONSTRAINT FK_CLASS_02;
PROMPT DISABLING FOREIGN KEY CONSTRAINTS FOR TB_PROFESSOR...
ALTER TABLE TB_PROFESSOR DISABLE CONSTRAINT FK_PROFESSOR_DEPARTMENTNO;
PROMPT DISABLING FOREIGN KEY CONSTRAINTS FOR TB_CLASS_PROFESSOR...
ALTER TABLE TB_CLASS_PROFESSOR DISABLE CONSTRAINT FK_CLASS_PROFESSOR_01;
ALTER TABLE TB_CLASS_PROFESSOR DISABLE CONSTRAINT FK_CLASS_PROFESSOR_02;
PROMPT DISABLING FOREIGN KEY CONSTRAINTS FOR TB_STUDENT...
ALTER TABLE TB_STUDENT DISABLE CONSTRAINT FK_STUDENT_01;
ALTER TABLE TB_STUDENT DISABLE CONSTRAINT FK_STUDENT_02;
PROMPT DISABLING FOREIGN KEY CONSTRAINTS FOR TB_GRADE...
ALTER TABLE TB_GRADE DISABLE CONSTRAINT FK_GRADE_01;
ALTER TABLE TB_GRADE DISABLE CONSTRAINT FK_GRADE_02;



PROMPT LOADING TB_DEPARTMENT...
INSERT INTO TB_DEPARTMENT (DEPARTMENT_NO, DEPARTMENT_NAME, CATEGORY, OPEN_YN, CAPACITY)
VALUES ('001', '국어국문학과', '인문사회', 'Y', 20);
INSERT INTO TB_DEPARTMENT (DEPARTMENT_NO, DEPARTMENT_NAME, CATEGORY, OPEN_YN, CAPACITY)
VALUES ('002', '영어영문학과', '인문사회', 'Y', 36);
INSERT INTO TB_DEPARTMENT (DEPARTMENT_NO, DEPARTMENT_NAME, CATEGORY, OPEN_YN, CAPACITY)
VALUES ('003', '사학과', '인문사회', 'Y', 28);
INSERT INTO TB_DEPARTMENT (DEPARTMENT_NO, DEPARTMENT_NAME, CATEGORY, OPEN_YN, CAPACITY)
VALUES ('004', '철학과', '인문사회', 'Y', 28);
INSERT INTO TB_DEPARTMENT (DEPARTMENT_NO, DEPARTMENT_NAME, CATEGORY, OPEN_YN, CAPACITY)
VALUES ('005', '법학과', '인문사회', 'Y', 40);
INSERT INTO TB_DEPARTMENT (DEPARTMENT_NO, DEPARTMENT_NAME, CATEGORY, OPEN_YN, CAPACITY)
VALUES ('006', '행정학과', '인문사회', 'Y', 32);
INSERT INTO TB_DEPARTMENT (DEPARTMENT_NO, DEPARTMENT_NAME, CATEGORY, OPEN_YN, CAPACITY)
VALUES ('007', '정치학과', '인문사회', 'Y', 32);
INSERT INTO TB_DEPARTMENT (DEPARTMENT_NO, DEPARTMENT_NAME, CATEGORY, OPEN_YN, CAPACITY)
VALUES ('008', '경제학과', '인문사회', 'Y', 36);
INSERT INTO TB_DEPARTMENT (DEPARTMENT_NO, DEPARTMENT_NAME, CATEGORY, OPEN_YN, CAPACITY)
VALUES ('009', '사회학과', '인문사회', 'Y', 36);
INSERT INTO TB_DEPARTMENT (DEPARTMENT_NO, DEPARTMENT_NAME, CATEGORY, OPEN_YN, CAPACITY)
VALUES ('010', '무역학과', '인문사회', 'Y', 20);
INSERT INTO TB_DEPARTMENT (DEPARTMENT_NO, DEPARTMENT_NAME, CATEGORY, OPEN_YN, CAPACITY)
VALUES ('011', '신문방송학과', '인문사회', 'Y', 40);
INSERT INTO TB_DEPARTMENT (DEPARTMENT_NO, DEPARTMENT_NAME, CATEGORY, OPEN_YN, CAPACITY)
VALUES ('012', '경영학과', '인문사회', 'Y', 36);
INSERT INTO TB_DEPARTMENT (DEPARTMENT_NO, DEPARTMENT_NAME, CATEGORY, OPEN_YN, CAPACITY)
VALUES ('013', '회계학과', '인문사회', 'Y', 28);
INSERT INTO TB_DEPARTMENT (DEPARTMENT_NO, DEPARTMENT_NAME, CATEGORY, OPEN_YN, CAPACITY)
VALUES ('014', '호텔관광학과', '인문사회', 'Y', 20);
INSERT INTO TB_DEPARTMENT (DEPARTMENT_NO, DEPARTMENT_NAME, CATEGORY, OPEN_YN, CAPACITY)
VALUES ('015', '교육학과', '인문사회', 'Y', 32);
INSERT INTO TB_DEPARTMENT (DEPARTMENT_NO, DEPARTMENT_NAME, CATEGORY, OPEN_YN, CAPACITY)
VALUES ('016', '영미어문화학과', '인문사회', 'Y', 36);
INSERT INTO TB_DEPARTMENT (DEPARTMENT_NO, DEPARTMENT_NAME, CATEGORY, OPEN_YN, CAPACITY)
VALUES ('017', '불어불문학과', '인문사회', 'Y', 36);
INSERT INTO TB_DEPARTMENT (DEPARTMENT_NO, DEPARTMENT_NAME, CATEGORY, OPEN_YN, CAPACITY)
VALUES ('018', '중어중문학과', '인문사회', 'Y', 36);
INSERT INTO TB_DEPARTMENT (DEPARTMENT_NO, DEPARTMENT_NAME, CATEGORY, OPEN_YN, CAPACITY)
VALUES ('019', '일어일문학과', '인문사회', 'Y', 32);
INSERT INTO TB_DEPARTMENT (DEPARTMENT_NO, DEPARTMENT_NAME, CATEGORY, OPEN_YN, CAPACITY)
VALUES ('020', '서반아어학과', '인문사회', 'Y', 32);
INSERT INTO TB_DEPARTMENT (DEPARTMENT_NO, DEPARTMENT_NAME, CATEGORY, OPEN_YN, CAPACITY)
VALUES ('021', '국제경영학과', '인문사회', 'Y', 24);
INSERT INTO TB_DEPARTMENT (DEPARTMENT_NO, DEPARTMENT_NAME, CATEGORY, OPEN_YN, CAPACITY)
VALUES ('022', '수학과', '자연과학', 'Y', 32);
INSERT INTO TB_DEPARTMENT (DEPARTMENT_NO, DEPARTMENT_NAME, CATEGORY, OPEN_YN, CAPACITY)
VALUES ('023', '물리학과', '자연과학', 'Y', 24);
INSERT INTO TB_DEPARTMENT (DEPARTMENT_NO, DEPARTMENT_NAME, CATEGORY, OPEN_YN, CAPACITY)
VALUES ('024', '화학과', '자연과학', 'Y', 32);
INSERT INTO TB_DEPARTMENT (DEPARTMENT_NO, DEPARTMENT_NAME, CATEGORY, OPEN_YN, CAPACITY)
VALUES ('025', '생물학과', '자연과학', 'Y', 24);
INSERT INTO TB_DEPARTMENT (DEPARTMENT_NO, DEPARTMENT_NAME, CATEGORY, OPEN_YN, CAPACITY)
VALUES ('026', '지리학과', '자연과학', 'Y', 36);
INSERT INTO TB_DEPARTMENT (DEPARTMENT_NO, DEPARTMENT_NAME, CATEGORY, OPEN_YN, CAPACITY)
VALUES ('027', '아동주거학과', '자연과학', 'Y', 40);
INSERT INTO TB_DEPARTMENT (DEPARTMENT_NO, DEPARTMENT_NAME, CATEGORY, OPEN_YN, CAPACITY)
VALUES ('028', '의상학과', '자연과학', 'Y', 40);
INSERT INTO TB_DEPARTMENT (DEPARTMENT_NO, DEPARTMENT_NAME, CATEGORY, OPEN_YN, CAPACITY)
VALUES ('029', '식품영양학과', '자연과학', 'Y', 24);
INSERT INTO TB_DEPARTMENT (DEPARTMENT_NO, DEPARTMENT_NAME, CATEGORY, OPEN_YN, CAPACITY)
VALUES ('030', '약학과', '자연과학', 'Y', 24);
INSERT INTO TB_DEPARTMENT (DEPARTMENT_NO, DEPARTMENT_NAME, CATEGORY, OPEN_YN, CAPACITY)
VALUES ('031', '임상약학과', '자연과학', 'Y', 32);
INSERT INTO TB_DEPARTMENT (DEPARTMENT_NO, DEPARTMENT_NAME, CATEGORY, OPEN_YN, CAPACITY)
VALUES ('032', '한약학과', '자연과학', 'Y', 40);
INSERT INTO TB_DEPARTMENT (DEPARTMENT_NO, DEPARTMENT_NAME, CATEGORY, OPEN_YN, CAPACITY)
VALUES ('033', '간호학과', '자연과학', 'Y', 40);
INSERT INTO TB_DEPARTMENT (DEPARTMENT_NO, DEPARTMENT_NAME, CATEGORY, OPEN_YN, CAPACITY)
VALUES ('034', '환경조경학과', '자연과학', 'Y', 28);
INSERT INTO TB_DEPARTMENT (DEPARTMENT_NO, DEPARTMENT_NAME, CATEGORY, OPEN_YN, CAPACITY)
VALUES ('035', '생명공학원', '자연과학', 'Y', 32);
INSERT INTO TB_DEPARTMENT (DEPARTMENT_NO, DEPARTMENT_NAME, CATEGORY, OPEN_YN, CAPACITY)
VALUES ('036', '우주과학과', '자연과학', 'Y', 24);
INSERT INTO TB_DEPARTMENT (DEPARTMENT_NO, DEPARTMENT_NAME, CATEGORY, OPEN_YN, CAPACITY)
VALUES ('037', '한방재료가공학과', '자연과학', 'Y', 20);
INSERT INTO TB_DEPARTMENT (DEPARTMENT_NO, DEPARTMENT_NAME, CATEGORY, OPEN_YN, CAPACITY)
VALUES ('038', '생태시스템공학과', '자연과학', 'Y', 32);
INSERT INTO TB_DEPARTMENT (DEPARTMENT_NO, DEPARTMENT_NAME, CATEGORY, OPEN_YN, CAPACITY)
VALUES ('039', '식품생명공학과', '자연과학', 'Y', 28);
INSERT INTO TB_DEPARTMENT (DEPARTMENT_NO, DEPARTMENT_NAME, CATEGORY, OPEN_YN, CAPACITY)
VALUES ('040', '원예학과', '자연과학', 'Y', 40);
INSERT INTO TB_DEPARTMENT (DEPARTMENT_NO, DEPARTMENT_NAME, CATEGORY, OPEN_YN, CAPACITY)
VALUES ('041', '환경응용과학과', '자연과학', 'Y', 28);
INSERT INTO TB_DEPARTMENT (DEPARTMENT_NO, DEPARTMENT_NAME, CATEGORY, OPEN_YN, CAPACITY)
VALUES ('042', '원자력공학과', '공학', 'Y', 32);
INSERT INTO TB_DEPARTMENT (DEPARTMENT_NO, DEPARTMENT_NAME, CATEGORY, OPEN_YN, CAPACITY)
VALUES ('043', '전자공학과', '공학', 'Y', 28);
INSERT INTO TB_DEPARTMENT (DEPARTMENT_NO, DEPARTMENT_NAME, CATEGORY, OPEN_YN, CAPACITY)
VALUES ('044', '컴퓨터공학과', '공학', 'Y', 20);
INSERT INTO TB_DEPARTMENT (DEPARTMENT_NO, DEPARTMENT_NAME, CATEGORY, OPEN_YN, CAPACITY)
VALUES ('045', '건축공학과', '공학', 'Y', 32);
INSERT INTO TB_DEPARTMENT (DEPARTMENT_NO, DEPARTMENT_NAME, CATEGORY, OPEN_YN, CAPACITY)
VALUES ('046', '토목공학과', '공학', 'Y', 28);
INSERT INTO TB_DEPARTMENT (DEPARTMENT_NO, DEPARTMENT_NAME, CATEGORY, OPEN_YN, CAPACITY)
VALUES ('047', '기계공학과', '공학', 'Y', 32);
INSERT INTO TB_DEPARTMENT (DEPARTMENT_NO, DEPARTMENT_NAME, CATEGORY, OPEN_YN, CAPACITY)
VALUES ('048', '전파공학과', '공학', 'Y', 32);
INSERT INTO TB_DEPARTMENT (DEPARTMENT_NO, DEPARTMENT_NAME, CATEGORY, OPEN_YN, CAPACITY)
VALUES ('049', '산업공학과', '공학', 'Y', 32);
INSERT INTO TB_DEPARTMENT (DEPARTMENT_NO, DEPARTMENT_NAME, CATEGORY, OPEN_YN, CAPACITY)
VALUES ('050', '섬유공학과', '공학', 'Y', 36);
INSERT INTO TB_DEPARTMENT (DEPARTMENT_NO, DEPARTMENT_NAME, CATEGORY, OPEN_YN, CAPACITY)
VALUES ('051', '화학공학과', '공학', 'Y', 36);
INSERT INTO TB_DEPARTMENT (DEPARTMENT_NO, DEPARTMENT_NAME, CATEGORY, OPEN_YN, CAPACITY)
VALUES ('052', '동서의료공학과', '공학', 'Y', 20);
INSERT INTO TB_DEPARTMENT (DEPARTMENT_NO, DEPARTMENT_NAME, CATEGORY, OPEN_YN, CAPACITY)
VALUES ('053', '의학과', '의학', 'Y', 40);
INSERT INTO TB_DEPARTMENT (DEPARTMENT_NO, DEPARTMENT_NAME, CATEGORY, OPEN_YN, CAPACITY)
VALUES ('054', '한의학과', '의학', 'Y', 36);
INSERT INTO TB_DEPARTMENT (DEPARTMENT_NO, DEPARTMENT_NAME, CATEGORY, OPEN_YN, CAPACITY)
VALUES ('055', '치의학과', '의학', 'Y', 28);
INSERT INTO TB_DEPARTMENT (DEPARTMENT_NO, DEPARTMENT_NAME, CATEGORY, OPEN_YN, CAPACITY)
VALUES ('056', '미술학과', '예체능', 'Y', 20);
INSERT INTO TB_DEPARTMENT (DEPARTMENT_NO, DEPARTMENT_NAME, CATEGORY, OPEN_YN, CAPACITY)
VALUES ('057', '무용학과', '예체능', 'Y', 32);
INSERT INTO TB_DEPARTMENT (DEPARTMENT_NO, DEPARTMENT_NAME, CATEGORY, OPEN_YN, CAPACITY)
VALUES ('058', '공연예술학과', '예체능', 'Y', 36);
INSERT INTO TB_DEPARTMENT (DEPARTMENT_NO, DEPARTMENT_NAME, CATEGORY, OPEN_YN, CAPACITY)
VALUES ('059', '음악학과', '예체능', 'Y', 36);
INSERT INTO TB_DEPARTMENT (DEPARTMENT_NO, DEPARTMENT_NAME, CATEGORY, OPEN_YN, CAPACITY)
VALUES ('060', '도예학과', '예체능', 'Y', 36);
INSERT INTO TB_DEPARTMENT (DEPARTMENT_NO, DEPARTMENT_NAME, CATEGORY, OPEN_YN, CAPACITY)
VALUES ('061', '산업디자인학과', '예체능', 'Y', 28);
INSERT INTO TB_DEPARTMENT (DEPARTMENT_NO, DEPARTMENT_NAME, CATEGORY, OPEN_YN, CAPACITY)
VALUES ('062', '디자인학과', '예체능', 'Y', 32);
INSERT INTO TB_DEPARTMENT (DEPARTMENT_NO, DEPARTMENT_NAME, CATEGORY, OPEN_YN, CAPACITY)
VALUES ('063', '체육학과', '예체능', 'Y', 24);
COMMIT;
PROMPT 63 RECORDS LOADED
PROMPT LOADING TB_CLASS...
INSERT INTO TB_CLASS (CLASS_NO, DEPARTMENT_NO, PREATTENDING_CLASS_NO, CLASS_NAME, CLASS_TYPE)
VALUES ('C0245500', '001', NULL, '고전시가론특강', '전공선택');
INSERT INTO TB_CLASS (CLASS_NO, DEPARTMENT_NO, PREATTENDING_CLASS_NO, CLASS_NAME, CLASS_TYPE)
VALUES ('C0405000', '001', NULL, '국어어휘론특강', '전공선택');
INSERT INTO TB_CLASS (CLASS_NO, DEPARTMENT_NO, PREATTENDING_CLASS_NO, CLASS_NAME, CLASS_TYPE)
VALUES ('C0405500', '001', 'C0405000', '국어음성학연구', '전공선택');
INSERT INTO TB_CLASS (CLASS_NO, DEPARTMENT_NO, PREATTENDING_CLASS_NO, CLASS_NAME, CLASS_TYPE)
VALUES ('C0409000', '001', 'C0405000', '국어학세미나', '전공선택');
INSERT INTO TB_CLASS (CLASS_NO, DEPARTMENT_NO, PREATTENDING_CLASS_NO, CLASS_NAME, CLASS_TYPE)
VALUES ('C1914600', '001', NULL, '시화야담특강', '전공선택');
INSERT INTO TB_CLASS (CLASS_NO, DEPARTMENT_NO, PREATTENDING_CLASS_NO, CLASS_NAME, CLASS_TYPE)
VALUES ('C1987000', '001', NULL, '신화연구', '전공선택');
INSERT INTO TB_CLASS (CLASS_NO, DEPARTMENT_NO, PREATTENDING_CLASS_NO, CLASS_NAME, CLASS_TYPE)
VALUES ('C4890800', '001', NULL, '영상문화이론', '전공선택');
INSERT INTO TB_CLASS (CLASS_NO, DEPARTMENT_NO, PREATTENDING_CLASS_NO, CLASS_NAME, CLASS_TYPE)
VALUES ('C5011100', '001', NULL, '외국어로서의한국어습득연구', '전공선택');
INSERT INTO TB_CLASS (CLASS_NO, DEPARTMENT_NO, PREATTENDING_CLASS_NO, CLASS_NAME, CLASS_TYPE)
VALUES ('C3802900', '001', NULL, '판소리특강', '전공선택');
INSERT INTO TB_CLASS (CLASS_NO, DEPARTMENT_NO, PREATTENDING_CLASS_NO, CLASS_NAME, CLASS_TYPE)
VALUES ('C4913400', '001', NULL, '한국어교육론', '전공선택');
INSERT INTO TB_CLASS (CLASS_NO, DEPARTMENT_NO, PREATTENDING_CLASS_NO, CLASS_NAME, CLASS_TYPE)
VALUES ('C3936400', '001', NULL, '한국어어휘교육론', '전공선택');
INSERT INTO TB_CLASS (CLASS_NO, DEPARTMENT_NO, PREATTENDING_CLASS_NO, CLASS_NAME, CLASS_TYPE)
VALUES ('C3953700', '001', NULL, '한국현대문학사연구', '전공선택');
INSERT INTO TB_CLASS (CLASS_NO, DEPARTMENT_NO, PREATTENDING_CLASS_NO, CLASS_NAME, CLASS_TYPE)
VALUES ('C4034800', '001', NULL, '현대문학특강', '전공선택');
INSERT INTO TB_CLASS (CLASS_NO, DEPARTMENT_NO, PREATTENDING_CLASS_NO, CLASS_NAME, CLASS_TYPE)
VALUES ('C4047300', '001', NULL, '현대소설연구1', '전공선택');
INSERT INTO TB_CLASS (CLASS_NO, DEPARTMENT_NO, PREATTENDING_CLASS_NO, CLASS_NAME, CLASS_TYPE)
VALUES ('C4048400', '001', NULL, '현대시문학특강', '전공선택');
INSERT INTO TB_CLASS (CLASS_NO, DEPARTMENT_NO, PREATTENDING_CLASS_NO, CLASS_NAME, CLASS_TYPE)
VALUES ('C4059400', '001', NULL, '현대작가론특강', '전공선택');
INSERT INTO TB_CLASS (CLASS_NO, DEPARTMENT_NO, PREATTENDING_CLASS_NO, CLASS_NAME, CLASS_TYPE)
VALUES ('C0736733', '001', NULL, '논문지도(공개발표)3', '논문지도');
INSERT INTO TB_CLASS (CLASS_NO, DEPARTMENT_NO, PREATTENDING_CLASS_NO, CLASS_NAME, CLASS_TYPE)
VALUES ('C0737033', '001', NULL, '논문지도1', '논문지도');
INSERT INTO TB_CLASS (CLASS_NO, DEPARTMENT_NO, PREATTENDING_CLASS_NO, CLASS_NAME, CLASS_TYPE)
VALUES ('C0737533', '001', NULL, '논문지도2', '논문지도');
INSERT INTO TB_CLASS (CLASS_NO, DEPARTMENT_NO, PREATTENDING_CLASS_NO, CLASS_NAME, CLASS_TYPE)
VALUES ('C0003400', '002', NULL, '19C미국소설', '전공선택');
INSERT INTO TB_CLASS (CLASS_NO, DEPARTMENT_NO, PREATTENDING_CLASS_NO, CLASS_NAME, CLASS_TYPE)
VALUES ('C1105000', '002', NULL, '문학과생태학', '전공선택');
INSERT INTO TB_CLASS (CLASS_NO, DEPARTMENT_NO, PREATTENDING_CLASS_NO, CLASS_NAME, CLASS_TYPE)
VALUES ('C1113900', '002', NULL, '문화이론과비평', '전공선택');
INSERT INTO TB_CLASS (CLASS_NO, DEPARTMENT_NO, PREATTENDING_CLASS_NO, CLASS_NAME, CLASS_TYPE)
VALUES ('C1811200', '002', NULL, '셰익스피어세미나', '전공선택');
INSERT INTO TB_CLASS (CLASS_NO, DEPARTMENT_NO, PREATTENDING_CLASS_NO, CLASS_NAME, CLASS_TYPE)
VALUES ('C2364800', '002', NULL, '영어교육연구', '전공선택');
INSERT INTO TB_CLASS (CLASS_NO, DEPARTMENT_NO, PREATTENDING_CLASS_NO, CLASS_NAME, CLASS_TYPE)
VALUES ('C2554500', '002', NULL, '응용언어학', '전공선택');
INSERT INTO TB_CLASS (CLASS_NO, DEPARTMENT_NO, PREATTENDING_CLASS_NO, CLASS_NAME, CLASS_TYPE)
VALUES ('C3745100', '002', NULL, '통사론1', '전공선택');
INSERT INTO TB_CLASS (CLASS_NO, DEPARTMENT_NO, PREATTENDING_CLASS_NO, CLASS_NAME, CLASS_TYPE)
VALUES ('C3745400', '002', 'C3745100', '통사론세미나', '전공선택');
INSERT INTO TB_CLASS (CLASS_NO, DEPARTMENT_NO, PREATTENDING_CLASS_NO, CLASS_NAME, CLASS_TYPE)
VALUES ('C0736734', '002', NULL, '논문지도(공개발표)3', '논문지도');
INSERT INTO TB_CLASS (CLASS_NO, DEPARTMENT_NO, PREATTENDING_CLASS_NO, CLASS_NAME, CLASS_TYPE)
VALUES ('C0737034', '002', NULL, '논문지도1', '논문지도');
INSERT INTO TB_CLASS (CLASS_NO, DEPARTMENT_NO, PREATTENDING_CLASS_NO, CLASS_NAME, CLASS_TYPE)
VALUES ('C0737534', '002', NULL, '논문지도2', '논문지도');
INSERT INTO TB_CLASS (CLASS_NO, DEPARTMENT_NO, PREATTENDING_CLASS_NO, CLASS_NAME, CLASS_TYPE)
VALUES ('C3167100', '003', NULL, '중국제도사연구', '전공선택');
INSERT INTO TB_CLASS (CLASS_NO, DEPARTMENT_NO, PREATTENDING_CLASS_NO, CLASS_NAME, CLASS_TYPE)
VALUES ('C3915900', '003', NULL, '한국대외관계사연구', '전공선택');
INSERT INTO TB_CLASS (CLASS_NO, DEPARTMENT_NO, PREATTENDING_CLASS_NO, CLASS_NAME, CLASS_TYPE)
VALUES ('C3927900', '003', NULL, '한국사특강', '전공선택');
INSERT INTO TB_CLASS (CLASS_NO, DEPARTMENT_NO, PREATTENDING_CLASS_NO, CLASS_NAME, CLASS_TYPE)
VALUES ('C0736735', '003', NULL, '논문지도(공개발표)3', '논문지도');
INSERT INTO TB_CLASS (CLASS_NO, DEPARTMENT_NO, PREATTENDING_CLASS_NO, CLASS_NAME, CLASS_TYPE)
VALUES ('C0737035', '003', NULL, '논문지도1', '논문지도');
INSERT INTO TB_CLASS (CLASS_NO, DEPARTMENT_NO, PREATTENDING_CLASS_NO, CLASS_NAME, CLASS_TYPE)
VALUES ('C0737535', '003', NULL, '논문지도2', '논문지도');
INSERT INTO TB_CLASS (CLASS_NO, DEPARTMENT_NO, PREATTENDING_CLASS_NO, CLASS_NAME, CLASS_TYPE)
VALUES ('C1350600', '004', NULL, '변증법연구', '전공선택');
INSERT INTO TB_CLASS (CLASS_NO, DEPARTMENT_NO, PREATTENDING_CLASS_NO, CLASS_NAME, CLASS_TYPE)
VALUES ('C1423100', '004', NULL, '불교철학의제문제', '전공선택');
INSERT INTO TB_CLASS (CLASS_NO, DEPARTMENT_NO, PREATTENDING_CLASS_NO, CLASS_NAME, CLASS_TYPE)
VALUES ('C1632600', '004', NULL, '사회철학연구', '전공선택');
INSERT INTO TB_CLASS (CLASS_NO, DEPARTMENT_NO, PREATTENDING_CLASS_NO, CLASS_NAME, CLASS_TYPE)
VALUES ('C3834600', '004', NULL, '프랑스철학연구', '전공선택');
INSERT INTO TB_CLASS (CLASS_NO, DEPARTMENT_NO, PREATTENDING_CLASS_NO, CLASS_NAME, CLASS_TYPE)
VALUES ('C0736736', '004', NULL, '논문지도(공개발표)3', '논문지도');
INSERT INTO TB_CLASS (CLASS_NO, DEPARTMENT_NO, PREATTENDING_CLASS_NO, CLASS_NAME, CLASS_TYPE)
VALUES ('C0737036', '004', NULL, '논문지도1', '논문지도');
INSERT INTO TB_CLASS (CLASS_NO, DEPARTMENT_NO, PREATTENDING_CLASS_NO, CLASS_NAME, CLASS_TYPE)
VALUES ('C0737536', '004', NULL, '논문지도2', '논문지도');
INSERT INTO TB_CLASS (CLASS_NO, DEPARTMENT_NO, PREATTENDING_CLASS_NO, CLASS_NAME, CLASS_TYPE)
VALUES ('C0165500', '005', NULL, '경제법특수연구', '전공선택');
INSERT INTO TB_CLASS (CLASS_NO, DEPARTMENT_NO, PREATTENDING_CLASS_NO, CLASS_NAME, CLASS_TYPE)
VALUES ('C5018500', '005', NULL, '계약론', '전공선택');
INSERT INTO TB_CLASS (CLASS_NO, DEPARTMENT_NO, PREATTENDING_CLASS_NO, CLASS_NAME, CLASS_TYPE)
VALUES ('C5010200', '005', NULL, '공범론연구', '전공선택');
INSERT INTO TB_CLASS (CLASS_NO, DEPARTMENT_NO, PREATTENDING_CLASS_NO, CLASS_NAME, CLASS_TYPE)
VALUES ('C5010100', '005', NULL, '국제경제법특수연구', '전공선택');
INSERT INTO TB_CLASS (CLASS_NO, DEPARTMENT_NO, PREATTENDING_CLASS_NO, CLASS_NAME, CLASS_TYPE)
VALUES ('C0432500', '005', 'C0434900', '국제법연습', '전공선택');
INSERT INTO TB_CLASS (CLASS_NO, DEPARTMENT_NO, PREATTENDING_CLASS_NO, CLASS_NAME, CLASS_TYPE)
VALUES ('C0434900', '005', NULL, '국제사법일반이론', '전공선택');
INSERT INTO TB_CLASS (CLASS_NO, DEPARTMENT_NO, PREATTENDING_CLASS_NO, CLASS_NAME, CLASS_TYPE)
VALUES ('C5010000', '005', NULL, '국제전자상거래법 사례연구', '전공선택');
INSERT INTO TB_CLASS (CLASS_NO, DEPARTMENT_NO, PREATTENDING_CLASS_NO, CLASS_NAME, CLASS_TYPE)
VALUES ('C5010300', '005', NULL, '규제행정법연구', '전공선택');
INSERT INTO TB_CLASS (CLASS_NO, DEPARTMENT_NO, PREATTENDING_CLASS_NO, CLASS_NAME, CLASS_TYPE)
VALUES ('C5010600', '005', NULL, '민사소송절차의 기본원리', '전공선택');
INSERT INTO TB_CLASS (CLASS_NO, DEPARTMENT_NO, PREATTENDING_CLASS_NO, CLASS_NAME, CLASS_TYPE)
VALUES ('C1343200', '005', NULL, '법사회학특수연구', '전공선택');
INSERT INTO TB_CLASS (CLASS_NO, DEPARTMENT_NO, PREATTENDING_CLASS_NO, CLASS_NAME, CLASS_TYPE)
VALUES ('C5010400', '005', NULL, '선거제도연구', '전공선택');
INSERT INTO TB_CLASS (CLASS_NO, DEPARTMENT_NO, PREATTENDING_CLASS_NO, CLASS_NAME, CLASS_TYPE)
VALUES ('C1803600', '005', NULL, '세법일반이론', '전공선택');
INSERT INTO TB_CLASS (CLASS_NO, DEPARTMENT_NO, PREATTENDING_CLASS_NO, CLASS_NAME, CLASS_TYPE)
VALUES ('C5010500', '005', NULL, '친족법특강', '전공선택');
INSERT INTO TB_CLASS (CLASS_NO, DEPARTMENT_NO, PREATTENDING_CLASS_NO, CLASS_NAME, CLASS_TYPE)
VALUES ('C5009900', '005', NULL, '통치기구론', '전공선택');
INSERT INTO TB_CLASS (CLASS_NO, DEPARTMENT_NO, PREATTENDING_CLASS_NO, CLASS_NAME, CLASS_TYPE)
VALUES ('C5010700', '005', NULL, '특별형법연구', '전공선택');
INSERT INTO TB_CLASS (CLASS_NO, DEPARTMENT_NO, PREATTENDING_CLASS_NO, CLASS_NAME, CLASS_TYPE)
VALUES ('C0736737', '005', NULL, '논문지도(공개발표)3', '논문지도');
INSERT INTO TB_CLASS (CLASS_NO, DEPARTMENT_NO, PREATTENDING_CLASS_NO, CLASS_NAME, CLASS_TYPE)
VALUES ('C0737037', '005', NULL, '논문지도1', '논문지도');
INSERT INTO TB_CLASS (CLASS_NO, DEPARTMENT_NO, PREATTENDING_CLASS_NO, CLASS_NAME, CLASS_TYPE)
VALUES ('C0737537', '005', NULL, '논문지도2', '논문지도');
INSERT INTO TB_CLASS (CLASS_NO, DEPARTMENT_NO, PREATTENDING_CLASS_NO, CLASS_NAME, CLASS_TYPE)
VALUES ('C3052000', '006', NULL, '정책이론', '전공필수');
INSERT INTO TB_CLASS (CLASS_NO, DEPARTMENT_NO, PREATTENDING_CLASS_NO, CLASS_NAME, CLASS_TYPE)
VALUES ('C0184100', '006', NULL, '계량분석론Ⅰ', '전공선택');
INSERT INTO TB_CLASS (CLASS_NO, DEPARTMENT_NO, PREATTENDING_CLASS_NO, CLASS_NAME, CLASS_TYPE)
VALUES ('C1317000', '006', NULL, '발전행정론', '전공선택');
INSERT INTO TB_CLASS (CLASS_NO, DEPARTMENT_NO, PREATTENDING_CLASS_NO, CLASS_NAME, CLASS_TYPE)
VALUES ('C1618700', '006', NULL, '사회보장제도론', '전공선택');
INSERT INTO TB_CLASS (CLASS_NO, DEPARTMENT_NO, PREATTENDING_CLASS_NO, CLASS_NAME, CLASS_TYPE)
VALUES ('C3048900', '006', NULL, '정책결정론', '전공선택');
INSERT INTO TB_CLASS (CLASS_NO, DEPARTMENT_NO, PREATTENDING_CLASS_NO, CLASS_NAME, CLASS_TYPE)
VALUES ('C3051900', '006', 'C3048900', '정책사례연구', '전공선택');
INSERT INTO TB_CLASS (CLASS_NO, DEPARTMENT_NO, PREATTENDING_CLASS_NO, CLASS_NAME, CLASS_TYPE)
VALUES ('C3221500', '006', 'C3952800', '지방행정론', '전공선택');
INSERT INTO TB_CLASS (CLASS_NO, DEPARTMENT_NO, PREATTENDING_CLASS_NO, CLASS_NAME, CLASS_TYPE)
VALUES ('C3952800', '006', NULL, '한국행정론', '전공선택');
INSERT INTO TB_CLASS (CLASS_NO, DEPARTMENT_NO, PREATTENDING_CLASS_NO, CLASS_NAME, CLASS_TYPE)
VALUES ('C4014200', '006', NULL, '행정조직론', '전공선택');
INSERT INTO TB_CLASS (CLASS_NO, DEPARTMENT_NO, PREATTENDING_CLASS_NO, CLASS_NAME, CLASS_TYPE)
VALUES ('C0736738', '006', NULL, '논문지도(공개발표)3', '논문지도');
INSERT INTO TB_CLASS (CLASS_NO, DEPARTMENT_NO, PREATTENDING_CLASS_NO, CLASS_NAME, CLASS_TYPE)
VALUES ('C0737038', '006', NULL, '논문지도1', '논문지도');
INSERT INTO TB_CLASS (CLASS_NO, DEPARTMENT_NO, PREATTENDING_CLASS_NO, CLASS_NAME, CLASS_TYPE)
VALUES ('C0737538', '006', NULL, '논문지도2', '논문지도');
INSERT INTO TB_CLASS (CLASS_NO, DEPARTMENT_NO, PREATTENDING_CLASS_NO, CLASS_NAME, CLASS_TYPE)
VALUES ('C0441200', '007', NULL, '국제정치경제', '전공선택');
INSERT INTO TB_CLASS (CLASS_NO, DEPARTMENT_NO, PREATTENDING_CLASS_NO, CLASS_NAME, CLASS_TYPE)
VALUES ('C0869000', '007', NULL, '동아시아국제관계', '전공선택');
INSERT INTO TB_CLASS (CLASS_NO, DEPARTMENT_NO, PREATTENDING_CLASS_NO, CLASS_NAME, CLASS_TYPE)
VALUES ('C1444500', '007', NULL, '비교외교정책론', '전공선택');
INSERT INTO TB_CLASS (CLASS_NO, DEPARTMENT_NO, PREATTENDING_CLASS_NO, CLASS_NAME, CLASS_TYPE)
VALUES ('C1447200', '007', NULL, '비교정치학방법론', '전공선택');
INSERT INTO TB_CLASS (CLASS_NO, DEPARTMENT_NO, PREATTENDING_CLASS_NO, CLASS_NAME, CLASS_TYPE)
VALUES ('C2589300', '007', NULL, '의회및선거론', '전공선택');
INSERT INTO TB_CLASS (CLASS_NO, DEPARTMENT_NO, PREATTENDING_CLASS_NO, CLASS_NAME, CLASS_TYPE)
VALUES ('C4842400', '007', NULL, '정치와문화', '전공선택');
INSERT INTO TB_CLASS (CLASS_NO, DEPARTMENT_NO, PREATTENDING_CLASS_NO, CLASS_NAME, CLASS_TYPE)
VALUES ('C3059400', '007', NULL, '정치윤리학', '전공선택');
INSERT INTO TB_CLASS (CLASS_NO, DEPARTMENT_NO, PREATTENDING_CLASS_NO, CLASS_NAME, CLASS_TYPE)
VALUES ('C3946100', '007', NULL, '한국정치론', '전공선택');
INSERT INTO TB_CLASS (CLASS_NO, DEPARTMENT_NO, PREATTENDING_CLASS_NO, CLASS_NAME, CLASS_TYPE)
VALUES ('C0736739', '007', NULL, '논문지도(공개발표)3', '논문지도');
INSERT INTO TB_CLASS (CLASS_NO, DEPARTMENT_NO, PREATTENDING_CLASS_NO, CLASS_NAME, CLASS_TYPE)
VALUES ('C0737039', '007', NULL, '논문지도1', '논문지도');
INSERT INTO TB_CLASS (CLASS_NO, DEPARTMENT_NO, PREATTENDING_CLASS_NO, CLASS_NAME, CLASS_TYPE)
VALUES ('C0737539', '007', NULL, '논문지도2', '논문지도');
INSERT INTO TB_CLASS (CLASS_NO, DEPARTMENT_NO, PREATTENDING_CLASS_NO, CLASS_NAME, CLASS_TYPE)
VALUES ('C0164400', '008', NULL, '경제발전론', '전공선택');
INSERT INTO TB_CLASS (CLASS_NO, DEPARTMENT_NO, PREATTENDING_CLASS_NO, CLASS_NAME, CLASS_TYPE)
VALUES ('C0473000', '008', NULL, '금융공학', '전공선택');
INSERT INTO TB_CLASS (CLASS_NO, DEPARTMENT_NO, PREATTENDING_CLASS_NO, CLASS_NAME, CLASS_TYPE)
VALUES ('C0724200', '008', NULL, '노사관계론', '전공선택');
INSERT INTO TB_CLASS (CLASS_NO, DEPARTMENT_NO, PREATTENDING_CLASS_NO, CLASS_NAME, CLASS_TYPE)
VALUES ('C0736740', '008', NULL, '논문지도(공개발표)3', '논문지도');
INSERT INTO TB_CLASS (CLASS_NO, DEPARTMENT_NO, PREATTENDING_CLASS_NO, CLASS_NAME, CLASS_TYPE)
VALUES ('C0737040', '008', NULL, '논문지도1', '논문지도');
INSERT INTO TB_CLASS (CLASS_NO, DEPARTMENT_NO, PREATTENDING_CLASS_NO, CLASS_NAME, CLASS_TYPE)
VALUES ('C0737540', '008', NULL, '논문지도2', '논문지도');
INSERT INTO TB_CLASS (CLASS_NO, DEPARTMENT_NO, PREATTENDING_CLASS_NO, CLASS_NAME, CLASS_TYPE)
VALUES ('C1625800', '009', NULL, '사회심리학연구', '전공선택');
INSERT INTO TB_CLASS (CLASS_NO, DEPARTMENT_NO, PREATTENDING_CLASS_NO, CLASS_NAME, CLASS_TYPE)
VALUES ('C1637700', '009', NULL, '사회학이론연구', '전공선택');
INSERT INTO TB_CLASS (CLASS_NO, DEPARTMENT_NO, PREATTENDING_CLASS_NO, CLASS_NAME, CLASS_TYPE)
VALUES ('C8033800', '009', NULL, '정치사회학(학점교류)', '전공선택');
INSERT INTO TB_CLASS (CLASS_NO, DEPARTMENT_NO, PREATTENDING_CLASS_NO, CLASS_NAME, CLASS_TYPE)
VALUES ('C3127700', '009', NULL, '종교사회학', '전공선택');
INSERT INTO TB_CLASS (CLASS_NO, DEPARTMENT_NO, PREATTENDING_CLASS_NO, CLASS_NAME, CLASS_TYPE)
VALUES ('C0736741', '009', NULL, '논문지도(공개발표)3', '논문지도');
INSERT INTO TB_CLASS (CLASS_NO, DEPARTMENT_NO, PREATTENDING_CLASS_NO, CLASS_NAME, CLASS_TYPE)
VALUES ('C0737041', '009', NULL, '논문지도1', '논문지도');
INSERT INTO TB_CLASS (CLASS_NO, DEPARTMENT_NO, PREATTENDING_CLASS_NO, CLASS_NAME, CLASS_TYPE)
VALUES ('C0737541', '009', NULL, '논문지도2', '논문지도');
INSERT INTO TB_CLASS (CLASS_NO, DEPARTMENT_NO, PREATTENDING_CLASS_NO, CLASS_NAME, CLASS_TYPE)
VALUES ('C3101701', '010', NULL, '조사방법론', '전공필수');
INSERT INTO TB_CLASS (CLASS_NO, DEPARTMENT_NO, PREATTENDING_CLASS_NO, CLASS_NAME, CLASS_TYPE)
VALUES ('C4561800', '010', NULL, '경영혁신과 글로벌E-비지니스', '전공선택');
INSERT INTO TB_CLASS (CLASS_NO, DEPARTMENT_NO, PREATTENDING_CLASS_NO, CLASS_NAME, CLASS_TYPE)
VALUES ('C4711500', '010', NULL, '국제경영전략', '전공선택');
INSERT INTO TB_CLASS (CLASS_NO, DEPARTMENT_NO, PREATTENDING_CLASS_NO, CLASS_NAME, CLASS_TYPE)
VALUES ('C0427000', '010', NULL, '국제마케팅', '전공선택');
INSERT INTO TB_CLASS (CLASS_NO, DEPARTMENT_NO, PREATTENDING_CLASS_NO, CLASS_NAME, CLASS_TYPE)
VALUES ('C0193000', '010', NULL, '고급거시경제학', '전공선택');
INSERT INTO TB_CLASS (CLASS_NO, DEPARTMENT_NO, PREATTENDING_CLASS_NO, CLASS_NAME, CLASS_TYPE)
VALUES ('C2424700', '010', NULL, '외환론', '전공선택');
INSERT INTO TB_CLASS (CLASS_NO, DEPARTMENT_NO, PREATTENDING_CLASS_NO, CLASS_NAME, CLASS_TYPE)
VALUES ('C0439300', '010', NULL, '국제재무관리', '전공선택');
INSERT INTO TB_CLASS (CLASS_NO, DEPARTMENT_NO, PREATTENDING_CLASS_NO, CLASS_NAME, CLASS_TYPE)
VALUES ('C0800400', '010', NULL, '다국적기업론', '전공선택');
INSERT INTO TB_CLASS (CLASS_NO, DEPARTMENT_NO, PREATTENDING_CLASS_NO, CLASS_NAME, CLASS_TYPE)
VALUES ('C0736742', '010', NULL, '논문지도(공개발표)3', '논문지도');
INSERT INTO TB_CLASS (CLASS_NO, DEPARTMENT_NO, PREATTENDING_CLASS_NO, CLASS_NAME, CLASS_TYPE)
VALUES ('C0737042', '010', NULL, '논문지도1', '논문지도');
INSERT INTO TB_CLASS (CLASS_NO, DEPARTMENT_NO, PREATTENDING_CLASS_NO, CLASS_NAME, CLASS_TYPE)
VALUES ('C0737542', '010', NULL, '논문지도2', '논문지도');
INSERT INTO TB_CLASS (CLASS_NO, DEPARTMENT_NO, PREATTENDING_CLASS_NO, CLASS_NAME, CLASS_TYPE)
VALUES ('C0044900', '011', NULL, 'PR실무', '전공필수');
INSERT INTO TB_CLASS (CLASS_NO, DEPARTMENT_NO, PREATTENDING_CLASS_NO, CLASS_NAME, CLASS_TYPE)
VALUES ('C0321700', '011', NULL, '광고PR심리학', '전공필수');
INSERT INTO TB_CLASS (CLASS_NO, DEPARTMENT_NO, PREATTENDING_CLASS_NO, CLASS_NAME, CLASS_TYPE)
VALUES ('C0326400', '011', NULL, '광고표현론', '전공필수');
INSERT INTO TB_CLASS (CLASS_NO, DEPARTMENT_NO, PREATTENDING_CLASS_NO, CLASS_NAME, CLASS_TYPE)
VALUES ('C0752300', '011', NULL, '뉴미디어론', '전공필수');
INSERT INTO TB_CLASS (CLASS_NO, DEPARTMENT_NO, PREATTENDING_CLASS_NO, CLASS_NAME, CLASS_TYPE)
VALUES ('C1109400', '011', NULL, '문화간커뮤니케이션', '전공필수');
INSERT INTO TB_CLASS (CLASS_NO, DEPARTMENT_NO, PREATTENDING_CLASS_NO, CLASS_NAME, CLASS_TYPE)
VALUES ('C4428200', '011', NULL, '미디어와사회', '전공필수');
INSERT INTO TB_CLASS (CLASS_NO, DEPARTMENT_NO, PREATTENDING_CLASS_NO, CLASS_NAME, CLASS_TYPE)
VALUES ('C1847300', '011', NULL, '수사학개론', '전공필수');
INSERT INTO TB_CLASS (CLASS_NO, DEPARTMENT_NO, PREATTENDING_CLASS_NO, CLASS_NAME, CLASS_TYPE)
VALUES ('C2346800', '011', NULL, '영상비평', '전공필수');
INSERT INTO TB_CLASS (CLASS_NO, DEPARTMENT_NO, PREATTENDING_CLASS_NO, CLASS_NAME, CLASS_TYPE)
VALUES ('C3061000', '011', NULL, '정치커뮤니케이션', '전공필수');
INSERT INTO TB_CLASS (CLASS_NO, DEPARTMENT_NO, PREATTENDING_CLASS_NO, CLASS_NAME, CLASS_TYPE)
VALUES ('C5014000', '011', NULL, '커뮤니케이션양적연구방법론', '전공필수');
INSERT INTO TB_CLASS (CLASS_NO, DEPARTMENT_NO, PREATTENDING_CLASS_NO, CLASS_NAME, CLASS_TYPE)
VALUES ('C3606200', '011', NULL, '커뮤니케이션윤리법제론', '전공필수');
INSERT INTO TB_CLASS (CLASS_NO, DEPARTMENT_NO, PREATTENDING_CLASS_NO, CLASS_NAME, CLASS_TYPE)
VALUES ('C5013900', '011', NULL, '커뮤니케이션질적연구방법론', '전공필수');
INSERT INTO TB_CLASS (CLASS_NO, DEPARTMENT_NO, PREATTENDING_CLASS_NO, CLASS_NAME, CLASS_TYPE)
VALUES ('C5013800', '011', NULL, '커뮤니케이션효과이론', '전공필수');
INSERT INTO TB_CLASS (CLASS_NO, DEPARTMENT_NO, PREATTENDING_CLASS_NO, CLASS_NAME, CLASS_TYPE)
VALUES ('C5014100', '011', NULL, '커뮤니케이션의기초', '전공선택');
INSERT INTO TB_CLASS (CLASS_NO, DEPARTMENT_NO, PREATTENDING_CLASS_NO, CLASS_NAME, CLASS_TYPE)
VALUES ('C0736743', '011', NULL, '논문지도(공개발표)3', '논문지도');
INSERT INTO TB_CLASS (CLASS_NO, DEPARTMENT_NO, PREATTENDING_CLASS_NO, CLASS_NAME, CLASS_TYPE)
VALUES ('C0737043', '011', NULL, '논문지도1', '논문지도');
INSERT INTO TB_CLASS (CLASS_NO, DEPARTMENT_NO, PREATTENDING_CLASS_NO, CLASS_NAME, CLASS_TYPE)
VALUES ('C0737543', '011', NULL, '논문지도2', '논문지도');
INSERT INTO TB_CLASS (CLASS_NO, DEPARTMENT_NO, PREATTENDING_CLASS_NO, CLASS_NAME, CLASS_TYPE)
VALUES ('C0144200', '012', NULL, '경영과학', '전공선택');
INSERT INTO TB_CLASS (CLASS_NO, DEPARTMENT_NO, PREATTENDING_CLASS_NO, CLASS_NAME, CLASS_TYPE)
VALUES ('C0163001', '012', NULL, '경쟁분석론', '전공선택');
INSERT INTO TB_CLASS (CLASS_NO, DEPARTMENT_NO, PREATTENDING_CLASS_NO, CLASS_NAME, CLASS_TYPE)
VALUES ('C0469800', '012', NULL, '글로벌경영세미나', '전공선택');
INSERT INTO TB_CLASS (CLASS_NO, DEPARTMENT_NO, PREATTENDING_CLASS_NO, CLASS_NAME, CLASS_TYPE)
VALUES ('C0469801', '012', NULL, '글로벌경영세미나', '전공선택');
INSERT INTO TB_CLASS (CLASS_NO, DEPARTMENT_NO, PREATTENDING_CLASS_NO, CLASS_NAME, CLASS_TYPE)
VALUES ('C0724201', '012', NULL, '노사관계론', '전공선택');
INSERT INTO TB_CLASS (CLASS_NO, DEPARTMENT_NO, PREATTENDING_CLASS_NO, CLASS_NAME, CLASS_TYPE)
VALUES ('C0827900', '012', NULL, '데이터마이닝이론과실제', '전공선택');
INSERT INTO TB_CLASS (CLASS_NO, DEPARTMENT_NO, PREATTENDING_CLASS_NO, CLASS_NAME, CLASS_TYPE)
VALUES ('C1037000', '012', NULL, '마케팅정보공학', '전공선택');
INSERT INTO TB_CLASS (CLASS_NO, DEPARTMENT_NO, PREATTENDING_CLASS_NO, CLASS_NAME, CLASS_TYPE)
VALUES ('C1357000', '012', NULL, '병원재무관리', '전공선택');
INSERT INTO TB_CLASS (CLASS_NO, DEPARTMENT_NO, PREATTENDING_CLASS_NO, CLASS_NAME, CLASS_TYPE)
VALUES ('C1433900', '012', NULL, '브랜드마케팅', '전공선택');
INSERT INTO TB_CLASS (CLASS_NO, DEPARTMENT_NO, PREATTENDING_CLASS_NO, CLASS_NAME, CLASS_TYPE)
VALUES ('C1815900', '012', NULL, '소비자행동론', '전공선택');
INSERT INTO TB_CLASS (CLASS_NO, DEPARTMENT_NO, PREATTENDING_CLASS_NO, CLASS_NAME, CLASS_TYPE)
VALUES ('C4561600', '012', NULL, '연금계리 및 재무', '전공선택');
INSERT INTO TB_CLASS (CLASS_NO, DEPARTMENT_NO, PREATTENDING_CLASS_NO, CLASS_NAME, CLASS_TYPE)
VALUES ('C5009800', '012', NULL, '유비쿼터스컴퓨팅', '전공선택');
INSERT INTO TB_CLASS (CLASS_NO, DEPARTMENT_NO, PREATTENDING_CLASS_NO, CLASS_NAME, CLASS_TYPE)
VALUES ('C4349900', '012', NULL, '의료보험론', '전공선택');
INSERT INTO TB_CLASS (CLASS_NO, DEPARTMENT_NO, PREATTENDING_CLASS_NO, CLASS_NAME, CLASS_TYPE)
VALUES ('C2621400', '012', NULL, '인적자원관리론', '전공선택');
INSERT INTO TB_CLASS (CLASS_NO, DEPARTMENT_NO, PREATTENDING_CLASS_NO, CLASS_NAME, CLASS_TYPE)
VALUES ('C2626700', '012', NULL, '인터넷과전자상거래', '전공선택');
INSERT INTO TB_CLASS (CLASS_NO, DEPARTMENT_NO, PREATTENDING_CLASS_NO, CLASS_NAME, CLASS_TYPE)
VALUES ('C5021000', '012', NULL, '의료경영연구', '전공선택');
INSERT INTO TB_CLASS (CLASS_NO, DEPARTMENT_NO, PREATTENDING_CLASS_NO, CLASS_NAME, CLASS_TYPE)
VALUES ('C2941800', '012', NULL, '재무관리', '전공선택');
INSERT INTO TB_CLASS (CLASS_NO, DEPARTMENT_NO, PREATTENDING_CLASS_NO, CLASS_NAME, CLASS_TYPE)
VALUES ('C4847200', '012', NULL, '전략적인적자원개발', '전공선택');
INSERT INTO TB_CLASS (CLASS_NO, DEPARTMENT_NO, PREATTENDING_CLASS_NO, CLASS_NAME, CLASS_TYPE)
VALUES ('C3101700', '012', NULL, '조사방법론', '전공선택');
INSERT INTO TB_CLASS (CLASS_NO, DEPARTMENT_NO, PREATTENDING_CLASS_NO, CLASS_NAME, CLASS_TYPE)
VALUES ('C3114700', '012', NULL, '조직행동론', '전공선택');
INSERT INTO TB_CLASS (CLASS_NO, DEPARTMENT_NO, PREATTENDING_CLASS_NO, CLASS_NAME, CLASS_TYPE)
VALUES ('C5009700', '012', NULL, '지식경영연구', '전공선택');
INSERT INTO TB_CLASS (CLASS_NO, DEPARTMENT_NO, PREATTENDING_CLASS_NO, CLASS_NAME, CLASS_TYPE)
VALUES ('C3827100', '012', NULL, '품질경영', '전공선택');
INSERT INTO TB_CLASS (CLASS_NO, DEPARTMENT_NO, PREATTENDING_CLASS_NO, CLASS_NAME, CLASS_TYPE)
VALUES ('C0736744', '012', NULL, '논문지도(공개발표)3', '논문지도');
INSERT INTO TB_CLASS (CLASS_NO, DEPARTMENT_NO, PREATTENDING_CLASS_NO, CLASS_NAME, CLASS_TYPE)
VALUES ('C0737044', '012', NULL, '논문지도1', '논문지도');
INSERT INTO TB_CLASS (CLASS_NO, DEPARTMENT_NO, PREATTENDING_CLASS_NO, CLASS_NAME, CLASS_TYPE)
VALUES ('C0737544', '012', NULL, '논문지도2', '논문지도');
INSERT INTO TB_CLASS (CLASS_NO, DEPARTMENT_NO, PREATTENDING_CLASS_NO, CLASS_NAME, CLASS_TYPE)
VALUES ('C0217000', '013', NULL, '고급통계학1', '전공선택');
INSERT INTO TB_CLASS (CLASS_NO, DEPARTMENT_NO, PREATTENDING_CLASS_NO, CLASS_NAME, CLASS_TYPE)
VALUES ('C1812500', '013', NULL, '소득세회계이론', '전공선택');
INSERT INTO TB_CLASS (CLASS_NO, DEPARTMENT_NO, PREATTENDING_CLASS_NO, CLASS_NAME, CLASS_TYPE)
VALUES ('C2906500', '013', NULL, '자본시장회계연구', '전공선택');
INSERT INTO TB_CLASS (CLASS_NO, DEPARTMENT_NO, PREATTENDING_CLASS_NO, CLASS_NAME, CLASS_TYPE)
VALUES ('C4162000', '013', NULL, '회계학연구방법론1', '전공선택');
INSERT INTO TB_CLASS (CLASS_NO, DEPARTMENT_NO, PREATTENDING_CLASS_NO, CLASS_NAME, CLASS_TYPE)
VALUES ('C0736745', '013', NULL, '논문지도(공개발표)3', '논문지도');
INSERT INTO TB_CLASS (CLASS_NO, DEPARTMENT_NO, PREATTENDING_CLASS_NO, CLASS_NAME, CLASS_TYPE)
VALUES ('C0737045', '013', NULL, '논문지도1', '논문지도');
INSERT INTO TB_CLASS (CLASS_NO, DEPARTMENT_NO, PREATTENDING_CLASS_NO, CLASS_NAME, CLASS_TYPE)
VALUES ('C0737545', '013', NULL, '논문지도2', '논문지도');
INSERT INTO TB_CLASS (CLASS_NO, DEPARTMENT_NO, PREATTENDING_CLASS_NO, CLASS_NAME, CLASS_TYPE)
VALUES ('C0291300', '014', NULL, '관광개발계획론', '전공선택');
INSERT INTO TB_CLASS (CLASS_NO, DEPARTMENT_NO, PREATTENDING_CLASS_NO, CLASS_NAME, CLASS_TYPE)
VALUES ('C4562100', '014', NULL, '관광리조트개발론', '전공선택');
INSERT INTO TB_CLASS (CLASS_NO, DEPARTMENT_NO, PREATTENDING_CLASS_NO, CLASS_NAME, CLASS_TYPE)
VALUES ('C4321400', '014', NULL, '관광응용경제학연구', '전공선택');
INSERT INTO TB_CLASS (CLASS_NO, DEPARTMENT_NO, PREATTENDING_CLASS_NO, CLASS_NAME, CLASS_TYPE)
VALUES ('C0302800', '014', NULL, '관광자원세미나', '전공선택');
INSERT INTO TB_CLASS (CLASS_NO, DEPARTMENT_NO, PREATTENDING_CLASS_NO, CLASS_NAME, CLASS_TYPE)
VALUES ('C4205700', '014', NULL, '레스토랑프렌차이즈', '전공선택');
INSERT INTO TB_CLASS (CLASS_NO, DEPARTMENT_NO, PREATTENDING_CLASS_NO, CLASS_NAME, CLASS_TYPE)
VALUES ('C4839200', '014', NULL, '무역전시기획론', '전공선택');
INSERT INTO TB_CLASS (CLASS_NO, DEPARTMENT_NO, PREATTENDING_CLASS_NO, CLASS_NAME, CLASS_TYPE)
VALUES ('C1932800', '014', NULL, '식음료관리특론', '전공선택');
INSERT INTO TB_CLASS (CLASS_NO, DEPARTMENT_NO, PREATTENDING_CLASS_NO, CLASS_NAME, CLASS_TYPE)
VALUES ('C4562400', '014', NULL, '식품위생관리', '전공선택');
INSERT INTO TB_CLASS (CLASS_NO, DEPARTMENT_NO, PREATTENDING_CLASS_NO, CLASS_NAME, CLASS_TYPE)
VALUES ('C1953400', '014', NULL, '식품재료학연구', '전공선택');
INSERT INTO TB_CLASS (CLASS_NO, DEPARTMENT_NO, PREATTENDING_CLASS_NO, CLASS_NAME, CLASS_TYPE)
VALUES ('C4851000', '014', NULL, '외식서비스마케팅세미나', '전공선택');
INSERT INTO TB_CLASS (CLASS_NO, DEPARTMENT_NO, PREATTENDING_CLASS_NO, CLASS_NAME, CLASS_TYPE)
VALUES ('C4562500', '014', NULL, '컨벤션마케팅전략론', '전공선택');
INSERT INTO TB_CLASS (CLASS_NO, DEPARTMENT_NO, PREATTENDING_CLASS_NO, CLASS_NAME, CLASS_TYPE)
VALUES ('C4427000', '014', NULL, '컨벤션실무통역', '전공선택');
INSERT INTO TB_CLASS (CLASS_NO, DEPARTMENT_NO, PREATTENDING_CLASS_NO, CLASS_NAME, CLASS_TYPE)
VALUES ('C3738800', '014', NULL, '통계분석', '전공선택');
INSERT INTO TB_CLASS (CLASS_NO, DEPARTMENT_NO, PREATTENDING_CLASS_NO, CLASS_NAME, CLASS_TYPE)
VALUES ('C4562200', '014', NULL, '한국관광정책세미나', '전공선택');
INSERT INTO TB_CLASS (CLASS_NO, DEPARTMENT_NO, PREATTENDING_CLASS_NO, CLASS_NAME, CLASS_TYPE)
VALUES ('C4341700', '014', NULL, '호텔경영사례연구', '전공선택');
INSERT INTO TB_CLASS (CLASS_NO, DEPARTMENT_NO, PREATTENDING_CLASS_NO, CLASS_NAME, CLASS_TYPE)
VALUES ('C4426400', '014', NULL, '호텔관광정보론', '전공선택');
INSERT INTO TB_CLASS (CLASS_NO, DEPARTMENT_NO, PREATTENDING_CLASS_NO, CLASS_NAME, CLASS_TYPE)
VALUES ('C4779000', '014', NULL, '호텔인사조직관리연구', '전공선택');
INSERT INTO TB_CLASS (CLASS_NO, DEPARTMENT_NO, PREATTENDING_CLASS_NO, CLASS_NAME, CLASS_TYPE)
VALUES ('C4507100', '014', NULL, '환대산업세미나', '전공선택');
INSERT INTO TB_CLASS (CLASS_NO, DEPARTMENT_NO, PREATTENDING_CLASS_NO, CLASS_NAME, CLASS_TYPE)
VALUES ('C0736746', '014', NULL, '논문지도(공개발표)3', '논문지도');
INSERT INTO TB_CLASS (CLASS_NO, DEPARTMENT_NO, PREATTENDING_CLASS_NO, CLASS_NAME, CLASS_TYPE)
VALUES ('C0737046', '014', NULL, '논문지도1', '논문지도');
INSERT INTO TB_CLASS (CLASS_NO, DEPARTMENT_NO, PREATTENDING_CLASS_NO, CLASS_NAME, CLASS_TYPE)
VALUES ('C0737546', '014', NULL, '논문지도2', '논문지도');
INSERT INTO TB_CLASS (CLASS_NO, DEPARTMENT_NO, PREATTENDING_CLASS_NO, CLASS_NAME, CLASS_TYPE)
VALUES ('C2307001', '015', NULL, '연구방법론', '전공필수');
INSERT INTO TB_CLASS (CLASS_NO, DEPARTMENT_NO, PREATTENDING_CLASS_NO, CLASS_NAME, CLASS_TYPE)
VALUES ('C5018400', '015', NULL, '교수학습공학이론및실천2', '전공선택');
INSERT INTO TB_CLASS (CLASS_NO, DEPARTMENT_NO, PREATTENDING_CLASS_NO, CLASS_NAME, CLASS_TYPE)
VALUES ('C2604100', '015', NULL, '인간관계론', '전공선택');
INSERT INTO TB_CLASS (CLASS_NO, DEPARTMENT_NO, PREATTENDING_CLASS_NO, CLASS_NAME, CLASS_TYPE)
VALUES ('C5009100', '015', NULL, '평생교육철학', '전공선택');
INSERT INTO TB_CLASS (CLASS_NO, DEPARTMENT_NO, PREATTENDING_CLASS_NO, CLASS_NAME, CLASS_TYPE)
VALUES ('C0736747', '015', NULL, '논문지도(공개발표)3', '논문지도');
INSERT INTO TB_CLASS (CLASS_NO, DEPARTMENT_NO, PREATTENDING_CLASS_NO, CLASS_NAME, CLASS_TYPE)
VALUES ('C0737047', '015', NULL, '논문지도1', '논문지도');
INSERT INTO TB_CLASS (CLASS_NO, DEPARTMENT_NO, PREATTENDING_CLASS_NO, CLASS_NAME, CLASS_TYPE)
VALUES ('C0737547', '015', NULL, '논문지도2', '논문지도');
INSERT INTO TB_CLASS (CLASS_NO, DEPARTMENT_NO, PREATTENDING_CLASS_NO, CLASS_NAME, CLASS_TYPE)
VALUES ('C7592000', '016', NULL, '언어와 성', '전공선택');
INSERT INTO TB_CLASS (CLASS_NO, DEPARTMENT_NO, PREATTENDING_CLASS_NO, CLASS_NAME, CLASS_TYPE)
VALUES ('C2573400', '016', NULL, '의미론', '전공선택');
INSERT INTO TB_CLASS (CLASS_NO, DEPARTMENT_NO, PREATTENDING_CLASS_NO, CLASS_NAME, CLASS_TYPE)
VALUES ('C4037000', '016', NULL, '현대미국드라마연구', '전공선택');
INSERT INTO TB_CLASS (CLASS_NO, DEPARTMENT_NO, PREATTENDING_CLASS_NO, CLASS_NAME, CLASS_TYPE)
VALUES ('C0736730', '016', NULL, '논문지도(공개발표)3', '논문지도');
INSERT INTO TB_CLASS (CLASS_NO, DEPARTMENT_NO, PREATTENDING_CLASS_NO, CLASS_NAME, CLASS_TYPE)
VALUES ('C0737001', '016', NULL, '논문지도1', '논문지도');
INSERT INTO TB_CLASS (CLASS_NO, DEPARTMENT_NO, PREATTENDING_CLASS_NO, CLASS_NAME, CLASS_TYPE)
VALUES ('C0737501', '016', NULL, '논문지도2', '논문지도');
INSERT INTO TB_CLASS (CLASS_NO, DEPARTMENT_NO, PREATTENDING_CLASS_NO, CLASS_NAME, CLASS_TYPE)
VALUES ('C1428600', '017', NULL, '불소설연구', '전공선택');
INSERT INTO TB_CLASS (CLASS_NO, DEPARTMENT_NO, PREATTENDING_CLASS_NO, CLASS_NAME, CLASS_TYPE)
VALUES ('C1431900', '017', NULL, '불어통사론', '전공선택');
INSERT INTO TB_CLASS (CLASS_NO, DEPARTMENT_NO, PREATTENDING_CLASS_NO, CLASS_NAME, CLASS_TYPE)
VALUES ('C2008300', '017', NULL, '실존주의불문학', '전공선택');
INSERT INTO TB_CLASS (CLASS_NO, DEPARTMENT_NO, PREATTENDING_CLASS_NO, CLASS_NAME, CLASS_TYPE)
VALUES ('C0736729', '017', NULL, '논문지도(공개발표)3', '논문지도');
INSERT INTO TB_CLASS (CLASS_NO, DEPARTMENT_NO, PREATTENDING_CLASS_NO, CLASS_NAME, CLASS_TYPE)
VALUES ('C0737002', '017', NULL, '논문지도1', '논문지도');
INSERT INTO TB_CLASS (CLASS_NO, DEPARTMENT_NO, PREATTENDING_CLASS_NO, CLASS_NAME, CLASS_TYPE)
VALUES ('C0737502', '017', NULL, '논문지도2', '논문지도');
INSERT INTO TB_CLASS (CLASS_NO, DEPARTMENT_NO, PREATTENDING_CLASS_NO, CLASS_NAME, CLASS_TYPE)
VALUES ('C1339800', '018', NULL, '번역연습', '전공선택');
INSERT INTO TB_CLASS (CLASS_NO, DEPARTMENT_NO, PREATTENDING_CLASS_NO, CLASS_NAME, CLASS_TYPE)
VALUES ('C3143500', '018', NULL, '중국고대소설연구', '전공선택');
INSERT INTO TB_CLASS (CLASS_NO, DEPARTMENT_NO, PREATTENDING_CLASS_NO, CLASS_NAME, CLASS_TYPE)
VALUES ('C3171300', '018', NULL, '중국현대소설연구', '전공선택');
INSERT INTO TB_CLASS (CLASS_NO, DEPARTMENT_NO, PREATTENDING_CLASS_NO, CLASS_NAME, CLASS_TYPE)
VALUES ('C0736704', '018', NULL, '논문지도(공개발표)3', '논문지도');
INSERT INTO TB_CLASS (CLASS_NO, DEPARTMENT_NO, PREATTENDING_CLASS_NO, CLASS_NAME, CLASS_TYPE)
VALUES ('C0737004', '018', NULL, '논문지도1', '논문지도');
INSERT INTO TB_CLASS (CLASS_NO, DEPARTMENT_NO, PREATTENDING_CLASS_NO, CLASS_NAME, CLASS_TYPE)
VALUES ('C0737505', '018', NULL, '논문지도2', '논문지도');
INSERT INTO TB_CLASS (CLASS_NO, DEPARTMENT_NO, PREATTENDING_CLASS_NO, CLASS_NAME, CLASS_TYPE)
VALUES ('C2650400', '019', NULL, '일본극문학', '전공선택');
INSERT INTO TB_CLASS (CLASS_NO, DEPARTMENT_NO, PREATTENDING_CLASS_NO, CLASS_NAME, CLASS_TYPE)
VALUES ('C4329800', '019', NULL, '일본어학세미나IV', '전공선택');
INSERT INTO TB_CLASS (CLASS_NO, DEPARTMENT_NO, PREATTENDING_CLASS_NO, CLASS_NAME, CLASS_TYPE)
VALUES ('C2675400', '019', NULL, '일본학세미나3', '전공선택');
INSERT INTO TB_CLASS (CLASS_NO, DEPARTMENT_NO, PREATTENDING_CLASS_NO, CLASS_NAME, CLASS_TYPE)
VALUES ('C0736703', '019', NULL, '논문지도(공개발표)3', '논문지도');
INSERT INTO TB_CLASS (CLASS_NO, DEPARTMENT_NO, PREATTENDING_CLASS_NO, CLASS_NAME, CLASS_TYPE)
VALUES ('C0737003', '019', NULL, '논문지도1', '논문지도');
INSERT INTO TB_CLASS (CLASS_NO, DEPARTMENT_NO, PREATTENDING_CLASS_NO, CLASS_NAME, CLASS_TYPE)
VALUES ('C0737504', '019', NULL, '논문지도2', '논문지도');
INSERT INTO TB_CLASS (CLASS_NO, DEPARTMENT_NO, PREATTENDING_CLASS_NO, CLASS_NAME, CLASS_TYPE)
VALUES ('C1728400', '020', NULL, '서반아고전문학연구', '전공선택');
INSERT INTO TB_CLASS (CLASS_NO, DEPARTMENT_NO, PREATTENDING_CLASS_NO, CLASS_NAME, CLASS_TYPE)
VALUES ('C1753400', '020', NULL, '서어문체론', '전공선택');
INSERT INTO TB_CLASS (CLASS_NO, DEPARTMENT_NO, PREATTENDING_CLASS_NO, CLASS_NAME, CLASS_TYPE)
VALUES ('C1753800', '020', NULL, '서어방언학', '전공선택');
INSERT INTO TB_CLASS (CLASS_NO, DEPARTMENT_NO, PREATTENDING_CLASS_NO, CLASS_NAME, CLASS_TYPE)
VALUES ('C0736706', '020', NULL, '논문지도(공개발표)3', '논문지도');
INSERT INTO TB_CLASS (CLASS_NO, DEPARTMENT_NO, PREATTENDING_CLASS_NO, CLASS_NAME, CLASS_TYPE)
VALUES ('C0737005', '020', NULL, '논문지도1', '논문지도');
INSERT INTO TB_CLASS (CLASS_NO, DEPARTMENT_NO, PREATTENDING_CLASS_NO, CLASS_NAME, CLASS_TYPE)
VALUES ('C0737506', '020', NULL, '논문지도2', '논문지도');
INSERT INTO TB_CLASS (CLASS_NO, DEPARTMENT_NO, PREATTENDING_CLASS_NO, CLASS_NAME, CLASS_TYPE)
VALUES ('C5004600', '021', NULL, '고급소비자행동과 리서치', '전공선택');
INSERT INTO TB_CLASS (CLASS_NO, DEPARTMENT_NO, PREATTENDING_CLASS_NO, CLASS_NAME, CLASS_TYPE)
VALUES ('C5004800', '021', NULL, '고급인사조직세미나2', '전공선택');
INSERT INTO TB_CLASS (CLASS_NO, DEPARTMENT_NO, PREATTENDING_CLASS_NO, CLASS_NAME, CLASS_TYPE)
VALUES ('C5004900', '021', NULL, '마케팅 데이터 모델 분석', '전공선택');
INSERT INTO TB_CLASS (CLASS_NO, DEPARTMENT_NO, PREATTENDING_CLASS_NO, CLASS_NAME, CLASS_TYPE)
VALUES ('C1159400', '021', NULL, '미시경제학', '전공선택');
INSERT INTO TB_CLASS (CLASS_NO, DEPARTMENT_NO, PREATTENDING_CLASS_NO, CLASS_NAME, CLASS_TYPE)
VALUES ('C5004500', '021', NULL, '신기술 세미나', '전공선택');
INSERT INTO TB_CLASS (CLASS_NO, DEPARTMENT_NO, PREATTENDING_CLASS_NO, CLASS_NAME, CLASS_TYPE)
VALUES ('C7593200', '021', NULL, '인사조직행동 특별연구', '전공선택');
INSERT INTO TB_CLASS (CLASS_NO, DEPARTMENT_NO, PREATTENDING_CLASS_NO, CLASS_NAME, CLASS_TYPE)
VALUES ('C2625600', '021', NULL, '인터넷마케팅', '전공선택');
INSERT INTO TB_CLASS (CLASS_NO, DEPARTMENT_NO, PREATTENDING_CLASS_NO, CLASS_NAME, CLASS_TYPE)
VALUES ('C5004400', '021', NULL, '지식경영과 비지니스 인텔리전스', '전공선택');
INSERT INTO TB_CLASS (CLASS_NO, DEPARTMENT_NO, PREATTENDING_CLASS_NO, CLASS_NAME, CLASS_TYPE)
VALUES ('C0736724', '021', NULL, '논문지도(공개발표)3', '논문지도');
INSERT INTO TB_CLASS (CLASS_NO, DEPARTMENT_NO, PREATTENDING_CLASS_NO, CLASS_NAME, CLASS_TYPE)
VALUES ('C0737024', '021', NULL, '논문지도1', '논문지도');
INSERT INTO TB_CLASS (CLASS_NO, DEPARTMENT_NO, PREATTENDING_CLASS_NO, CLASS_NAME, CLASS_TYPE)
VALUES ('C0737524', '021', NULL, '논문지도2', '논문지도');
INSERT INTO TB_CLASS (CLASS_NO, DEPARTMENT_NO, PREATTENDING_CLASS_NO, CLASS_NAME, CLASS_TYPE)
VALUES ('C1141800', '022', NULL, '미분기하학특강1', '전공선택');
INSERT INTO TB_CLASS (CLASS_NO, DEPARTMENT_NO, PREATTENDING_CLASS_NO, CLASS_NAME, CLASS_TYPE)
VALUES ('C1434900', '022', NULL, '비가환대수2', '전공선택');
INSERT INTO TB_CLASS (CLASS_NO, DEPARTMENT_NO, PREATTENDING_CLASS_NO, CLASS_NAME, CLASS_TYPE)
VALUES ('C2475800', '022', NULL, '위상수학특강1', '전공선택');
INSERT INTO TB_CLASS (CLASS_NO, DEPARTMENT_NO, PREATTENDING_CLASS_NO, CLASS_NAME, CLASS_TYPE)
VALUES ('C2925400', '022', NULL, '작용소론', '전공선택');
INSERT INTO TB_CLASS (CLASS_NO, DEPARTMENT_NO, PREATTENDING_CLASS_NO, CLASS_NAME, CLASS_TYPE)
VALUES ('C0736748', '022', NULL, '논문지도(공개발표)3', '논문지도');
INSERT INTO TB_CLASS (CLASS_NO, DEPARTMENT_NO, PREATTENDING_CLASS_NO, CLASS_NAME, CLASS_TYPE)
VALUES ('C0737048', '022', NULL, '논문지도1', '논문지도');
INSERT INTO TB_CLASS (CLASS_NO, DEPARTMENT_NO, PREATTENDING_CLASS_NO, CLASS_NAME, CLASS_TYPE)
VALUES ('C0737548', '022', NULL, '논문지도2', '논문지도');
INSERT INTO TB_CLASS (CLASS_NO, DEPARTMENT_NO, PREATTENDING_CLASS_NO, CLASS_NAME, CLASS_TYPE)
VALUES ('C0247800', '023', NULL, '고전전자기학2', '전공선택');
INSERT INTO TB_CLASS (CLASS_NO, DEPARTMENT_NO, PREATTENDING_CLASS_NO, CLASS_NAME, CLASS_TYPE)
VALUES ('C0250200', '023', NULL, '고체물리특론1', '전공선택');
INSERT INTO TB_CLASS (CLASS_NO, DEPARTMENT_NO, PREATTENDING_CLASS_NO, CLASS_NAME, CLASS_TYPE)
VALUES ('C0250700', '023', NULL, '고체물리특수연구2', '전공선택');
INSERT INTO TB_CLASS (CLASS_NO, DEPARTMENT_NO, PREATTENDING_CLASS_NO, CLASS_NAME, CLASS_TYPE)
VALUES ('C0251600', '023', NULL, '고체물리학2', '전공선택');
INSERT INTO TB_CLASS (CLASS_NO, DEPARTMENT_NO, PREATTENDING_CLASS_NO, CLASS_NAME, CLASS_TYPE)
VALUES ('C2272800', '023', NULL, '양자역학II', '전공선택');
INSERT INTO TB_CLASS (CLASS_NO, DEPARTMENT_NO, PREATTENDING_CLASS_NO, CLASS_NAME, CLASS_TYPE)
VALUES ('C2547800', '023', NULL, '응용물리특론2', '전공선택');
INSERT INTO TB_CLASS (CLASS_NO, DEPARTMENT_NO, PREATTENDING_CLASS_NO, CLASS_NAME, CLASS_TYPE)
VALUES ('C2714600', '023', NULL, '입자물리특론2', '전공선택');
INSERT INTO TB_CLASS (CLASS_NO, DEPARTMENT_NO, PREATTENDING_CLASS_NO, CLASS_NAME, CLASS_TYPE)
VALUES ('C3740500', '023', NULL, '통계역학2', '전공선택');
INSERT INTO TB_CLASS (CLASS_NO, DEPARTMENT_NO, PREATTENDING_CLASS_NO, CLASS_NAME, CLASS_TYPE)
VALUES ('C0247500', '023', NULL, '고전전자기학1', '전공필수');
INSERT INTO TB_CLASS (CLASS_NO, DEPARTMENT_NO, PREATTENDING_CLASS_NO, CLASS_NAME, CLASS_TYPE)
VALUES ('C2303500', '023', NULL, '역학', '전공선택');
INSERT INTO TB_CLASS (CLASS_NO, DEPARTMENT_NO, PREATTENDING_CLASS_NO, CLASS_NAME, CLASS_TYPE)
VALUES ('C2468800', '023', NULL, '원자핵물리학1', '전공선택');
INSERT INTO TB_CLASS (CLASS_NO, DEPARTMENT_NO, PREATTENDING_CLASS_NO, CLASS_NAME, CLASS_TYPE)
VALUES ('C2548000', '023', NULL, '응용물리특수연구2', '전공선택');
INSERT INTO TB_CLASS (CLASS_NO, DEPARTMENT_NO, PREATTENDING_CLASS_NO, CLASS_NAME, CLASS_TYPE)
VALUES ('C4036800', '023', NULL, '현대물리학특강', '전공선택');
INSERT INTO TB_CLASS (CLASS_NO, DEPARTMENT_NO, PREATTENDING_CLASS_NO, CLASS_NAME, CLASS_TYPE)
VALUES ('C0736790', '023', NULL, '논문지도(공개발표)3', '논문지도');
INSERT INTO TB_CLASS (CLASS_NO, DEPARTMENT_NO, PREATTENDING_CLASS_NO, CLASS_NAME, CLASS_TYPE)
VALUES ('C0737080', '023', NULL, '논문지도1', '논문지도');
INSERT INTO TB_CLASS (CLASS_NO, DEPARTMENT_NO, PREATTENDING_CLASS_NO, CLASS_NAME, CLASS_TYPE)
VALUES ('C0737580', '023', NULL, '논문지도2', '논문지도');
INSERT INTO TB_CLASS (CLASS_NO, DEPARTMENT_NO, PREATTENDING_CLASS_NO, CLASS_NAME, CLASS_TYPE)
VALUES ('C0205100', '024', NULL, '고급양자화학', '전공선택');
INSERT INTO TB_CLASS (CLASS_NO, DEPARTMENT_NO, PREATTENDING_CLASS_NO, CLASS_NAME, CLASS_TYPE)
VALUES ('C1070500', '024', NULL, '무기화학', '전공선택');
INSERT INTO TB_CLASS (CLASS_NO, DEPARTMENT_NO, PREATTENDING_CLASS_NO, CLASS_NAME, CLASS_TYPE)
VALUES ('C1128501', '024', NULL, '물리화학세미나', '전공선택');
INSERT INTO TB_CLASS (CLASS_NO, DEPARTMENT_NO, PREATTENDING_CLASS_NO, CLASS_NAME, CLASS_TYPE)
VALUES ('C2581600', '024', NULL, '의약화학', '전공선택');
INSERT INTO TB_CLASS (CLASS_NO, DEPARTMENT_NO, PREATTENDING_CLASS_NO, CLASS_NAME, CLASS_TYPE)
VALUES ('C4114500', '024', NULL, '화학기기장치법', '전공선택');
INSERT INTO TB_CLASS (CLASS_NO, DEPARTMENT_NO, PREATTENDING_CLASS_NO, CLASS_NAME, CLASS_TYPE)
VALUES ('C0197400', '024', NULL, '고급물리화학', '전공선택');
INSERT INTO TB_CLASS (CLASS_NO, DEPARTMENT_NO, PREATTENDING_CLASS_NO, CLASS_NAME, CLASS_TYPE)
VALUES ('C1128500', '024', NULL, '물리화학세미나', '전공선택');
INSERT INTO TB_CLASS (CLASS_NO, DEPARTMENT_NO, PREATTENDING_CLASS_NO, CLASS_NAME, CLASS_TYPE)
VALUES ('C2485200', '024', NULL, '유기금속화학', '전공선택');
INSERT INTO TB_CLASS (CLASS_NO, DEPARTMENT_NO, PREATTENDING_CLASS_NO, CLASS_NAME, CLASS_TYPE)
VALUES ('C2491900', '024', NULL, '유기합성', '전공선택');
INSERT INTO TB_CLASS (CLASS_NO, DEPARTMENT_NO, PREATTENDING_CLASS_NO, CLASS_NAME, CLASS_TYPE)
VALUES ('C2548900', '024', NULL, '응용분석화학', '전공선택');
INSERT INTO TB_CLASS (CLASS_NO, DEPARTMENT_NO, PREATTENDING_CLASS_NO, CLASS_NAME, CLASS_TYPE)
VALUES ('C0736751', '024', NULL, '논문지도(공개발표)3', '논문지도');
INSERT INTO TB_CLASS (CLASS_NO, DEPARTMENT_NO, PREATTENDING_CLASS_NO, CLASS_NAME, CLASS_TYPE)
VALUES ('C0737051', '024', NULL, '논문지도1', '논문지도');
INSERT INTO TB_CLASS (CLASS_NO, DEPARTMENT_NO, PREATTENDING_CLASS_NO, CLASS_NAME, CLASS_TYPE)
VALUES ('C0737551', '024', NULL, '논문지도2', '논문지도');
INSERT INTO TB_CLASS (CLASS_NO, DEPARTMENT_NO, PREATTENDING_CLASS_NO, CLASS_NAME, CLASS_TYPE)
VALUES ('C1146100', '025', NULL, '미생물유전학특론', '전공선택');
INSERT INTO TB_CLASS (CLASS_NO, DEPARTMENT_NO, PREATTENDING_CLASS_NO, CLASS_NAME, CLASS_TYPE)
VALUES ('C1412800', '025', NULL, '분자발생생물학', '전공선택');
INSERT INTO TB_CLASS (CLASS_NO, DEPARTMENT_NO, PREATTENDING_CLASS_NO, CLASS_NAME, CLASS_TYPE)
VALUES ('C5007600', '025', NULL, '생태정보학', '전공선택');
INSERT INTO TB_CLASS (CLASS_NO, DEPARTMENT_NO, PREATTENDING_CLASS_NO, CLASS_NAME, CLASS_TYPE)
VALUES ('C1795900', '025', NULL, '세균생리학', '전공선택');
INSERT INTO TB_CLASS (CLASS_NO, DEPARTMENT_NO, PREATTENDING_CLASS_NO, CLASS_NAME, CLASS_TYPE)
VALUES ('C3095200', '025', NULL, '조류생리학', '전공선택');
INSERT INTO TB_CLASS (CLASS_NO, DEPARTMENT_NO, PREATTENDING_CLASS_NO, CLASS_NAME, CLASS_TYPE)
VALUES ('C3096000', '025', NULL, '조류학(鳥類學)', '전공선택');
INSERT INTO TB_CLASS (CLASS_NO, DEPARTMENT_NO, PREATTENDING_CLASS_NO, CLASS_NAME, CLASS_TYPE)
VALUES ('C4880600', '025', NULL, '행동신경생물학특론', '전공선택');
INSERT INTO TB_CLASS (CLASS_NO, DEPARTMENT_NO, PREATTENDING_CLASS_NO, CLASS_NAME, CLASS_TYPE)
VALUES ('C4880400', '025', NULL, '현대생물학연구', '전공선택');
INSERT INTO TB_CLASS (CLASS_NO, DEPARTMENT_NO, PREATTENDING_CLASS_NO, CLASS_NAME, CLASS_TYPE)
VALUES ('C4107500', '025', NULL, '화분학', '전공선택');
INSERT INTO TB_CLASS (CLASS_NO, DEPARTMENT_NO, PREATTENDING_CLASS_NO, CLASS_NAME, CLASS_TYPE)
VALUES ('C0736752', '025', NULL, '논문지도(공개발표)3', '논문지도');
INSERT INTO TB_CLASS (CLASS_NO, DEPARTMENT_NO, PREATTENDING_CLASS_NO, CLASS_NAME, CLASS_TYPE)
VALUES ('C0737052', '025', NULL, '논문지도1', '논문지도');
INSERT INTO TB_CLASS (CLASS_NO, DEPARTMENT_NO, PREATTENDING_CLASS_NO, CLASS_NAME, CLASS_TYPE)
VALUES ('C0737552', '025', NULL, '논문지도2', '논문지도');
INSERT INTO TB_CLASS (CLASS_NO, DEPARTMENT_NO, PREATTENDING_CLASS_NO, CLASS_NAME, CLASS_TYPE)
VALUES ('C0171500', '026', NULL, '경제지리학특강', '전공선택');
INSERT INTO TB_CLASS (CLASS_NO, DEPARTMENT_NO, PREATTENDING_CLASS_NO, CLASS_NAME, CLASS_TYPE)
VALUES ('C0538400', '026', NULL, '기후지형학', '전공선택');
INSERT INTO TB_CLASS (CLASS_NO, DEPARTMENT_NO, PREATTENDING_CLASS_NO, CLASS_NAME, CLASS_TYPE)
VALUES ('C0838900', '026', NULL, '도시지리학', '전공선택');
INSERT INTO TB_CLASS (CLASS_NO, DEPARTMENT_NO, PREATTENDING_CLASS_NO, CLASS_NAME, CLASS_TYPE)
VALUES ('C0905200', '026', NULL, '디지털지도학연습', '전공선택');
INSERT INTO TB_CLASS (CLASS_NO, DEPARTMENT_NO, PREATTENDING_CLASS_NO, CLASS_NAME, CLASS_TYPE)
VALUES ('C1697000', '026', NULL, '생물지리학', '전공선택');
INSERT INTO TB_CLASS (CLASS_NO, DEPARTMENT_NO, PREATTENDING_CLASS_NO, CLASS_NAME, CLASS_TYPE)
VALUES ('C4501400', '026', NULL, '수문지형학', '전공선택');
INSERT INTO TB_CLASS (CLASS_NO, DEPARTMENT_NO, PREATTENDING_CLASS_NO, CLASS_NAME, CLASS_TYPE)
VALUES ('C3215100', '026', NULL, '지리정보학원론', '전공선택');
INSERT INTO TB_CLASS (CLASS_NO, DEPARTMENT_NO, PREATTENDING_CLASS_NO, CLASS_NAME, CLASS_TYPE)
VALUES ('C0736753', '026', NULL, '논문지도(공개발표)3', '논문지도');
INSERT INTO TB_CLASS (CLASS_NO, DEPARTMENT_NO, PREATTENDING_CLASS_NO, CLASS_NAME, CLASS_TYPE)
VALUES ('C0737053', '026', NULL, '논문지도1', '논문지도');
INSERT INTO TB_CLASS (CLASS_NO, DEPARTMENT_NO, PREATTENDING_CLASS_NO, CLASS_NAME, CLASS_TYPE)
VALUES ('C0737553', '026', NULL, '논문지도2', '논문지도');
INSERT INTO TB_CLASS (CLASS_NO, DEPARTMENT_NO, PREATTENDING_CLASS_NO, CLASS_NAME, CLASS_TYPE)
VALUES ('C0070600', '027', NULL, '가족정책연구', '전공선택');
INSERT INTO TB_CLASS (CLASS_NO, DEPARTMENT_NO, PREATTENDING_CLASS_NO, CLASS_NAME, CLASS_TYPE)
VALUES ('C0138400', '027', NULL, '결혼및부부교육특론', '전공선택');
INSERT INTO TB_CLASS (CLASS_NO, DEPARTMENT_NO, PREATTENDING_CLASS_NO, CLASS_NAME, CLASS_TYPE)
VALUES ('C0838600', '027', NULL, '도시주택연구', '전공선택');
INSERT INTO TB_CLASS (CLASS_NO, DEPARTMENT_NO, PREATTENDING_CLASS_NO, CLASS_NAME, CLASS_TYPE)
VALUES ('C1997300', '027', NULL, '실내디자인사연구', '전공선택');
INSERT INTO TB_CLASS (CLASS_NO, DEPARTMENT_NO, PREATTENDING_CLASS_NO, CLASS_NAME, CLASS_TYPE)
VALUES ('C2208800', '027', NULL, '아동행동연구', '전공선택');
INSERT INTO TB_CLASS (CLASS_NO, DEPARTMENT_NO, PREATTENDING_CLASS_NO, CLASS_NAME, CLASS_TYPE)
VALUES ('C2307000', '027', NULL, '연구방법론', '전공선택');
INSERT INTO TB_CLASS (CLASS_NO, DEPARTMENT_NO, PREATTENDING_CLASS_NO, CLASS_NAME, CLASS_TYPE)
VALUES ('C2502000', '027', NULL, '유아교육과정연구', '전공선택');
INSERT INTO TB_CLASS (CLASS_NO, DEPARTMENT_NO, PREATTENDING_CLASS_NO, CLASS_NAME, CLASS_TYPE)
VALUES ('C3422800', '027', NULL, '청년기발달', '전공선택');
INSERT INTO TB_CLASS (CLASS_NO, DEPARTMENT_NO, PREATTENDING_CLASS_NO, CLASS_NAME, CLASS_TYPE)
VALUES ('C0736754', '027', NULL, '논문지도(공개발표)3', '논문지도');
INSERT INTO TB_CLASS (CLASS_NO, DEPARTMENT_NO, PREATTENDING_CLASS_NO, CLASS_NAME, CLASS_TYPE)
VALUES ('C0737054', '027', NULL, '논문지도1', '논문지도');
INSERT INTO TB_CLASS (CLASS_NO, DEPARTMENT_NO, PREATTENDING_CLASS_NO, CLASS_NAME, CLASS_TYPE)
VALUES ('C0737554', '027', NULL, '논문지도2', '논문지도');
INSERT INTO TB_CLASS (CLASS_NO, DEPARTMENT_NO, PREATTENDING_CLASS_NO, CLASS_NAME, CLASS_TYPE)
VALUES ('C5007900', '028', NULL, '글로벌패션마케팅', '전공선택');
INSERT INTO TB_CLASS (CLASS_NO, DEPARTMENT_NO, PREATTENDING_CLASS_NO, CLASS_NAME, CLASS_TYPE)
VALUES ('C1024500', '028', NULL, '리테일패션마케팅', '전공선택');
INSERT INTO TB_CLASS (CLASS_NO, DEPARTMENT_NO, PREATTENDING_CLASS_NO, CLASS_NAME, CLASS_TYPE)
VALUES ('C1775400', '028', NULL, '섬유직물학', '전공선택');
INSERT INTO TB_CLASS (CLASS_NO, DEPARTMENT_NO, PREATTENDING_CLASS_NO, CLASS_NAME, CLASS_TYPE)
VALUES ('C2576200', '028', NULL, '의복행동세미나', '전공선택');
INSERT INTO TB_CLASS (CLASS_NO, DEPARTMENT_NO, PREATTENDING_CLASS_NO, CLASS_NAME, CLASS_TYPE)
VALUES ('C3803900', '028', NULL, '패션과대중문화', '전공선택');
INSERT INTO TB_CLASS (CLASS_NO, DEPARTMENT_NO, PREATTENDING_CLASS_NO, CLASS_NAME, CLASS_TYPE)
VALUES ('C3804400', '028', NULL, '패션디자인연구', '전공선택');
INSERT INTO TB_CLASS (CLASS_NO, DEPARTMENT_NO, PREATTENDING_CLASS_NO, CLASS_NAME, CLASS_TYPE)
VALUES ('C5008000', '028', NULL, '패션정보디자인', '전공선택');
INSERT INTO TB_CLASS (CLASS_NO, DEPARTMENT_NO, PREATTENDING_CLASS_NO, CLASS_NAME, CLASS_TYPE)
VALUES ('C0736755', '028', NULL, '논문지도(공개발표)3', '논문지도');
INSERT INTO TB_CLASS (CLASS_NO, DEPARTMENT_NO, PREATTENDING_CLASS_NO, CLASS_NAME, CLASS_TYPE)
VALUES ('C0737055', '028', NULL, '논문지도1', '논문지도');
INSERT INTO TB_CLASS (CLASS_NO, DEPARTMENT_NO, PREATTENDING_CLASS_NO, CLASS_NAME, CLASS_TYPE)
VALUES ('C0737555', '028', NULL, '논문지도2', '논문지도');
INSERT INTO TB_CLASS (CLASS_NO, DEPARTMENT_NO, PREATTENDING_CLASS_NO, CLASS_NAME, CLASS_TYPE)
VALUES ('C1070000', '029', NULL, '무기질대사', '전공선택');
INSERT INTO TB_CLASS (CLASS_NO, DEPARTMENT_NO, PREATTENDING_CLASS_NO, CLASS_NAME, CLASS_TYPE)
VALUES ('C1319200', '029', NULL, '발효식품', '전공선택');
INSERT INTO TB_CLASS (CLASS_NO, DEPARTMENT_NO, PREATTENDING_CLASS_NO, CLASS_NAME, CLASS_TYPE)
VALUES ('C1955401', '029', NULL, '식품학특론', '전공선택');
INSERT INTO TB_CLASS (CLASS_NO, DEPARTMENT_NO, PREATTENDING_CLASS_NO, CLASS_NAME, CLASS_TYPE)
VALUES ('C2354400', '029', NULL, '영양역학', '전공선택');
INSERT INTO TB_CLASS (CLASS_NO, DEPARTMENT_NO, PREATTENDING_CLASS_NO, CLASS_NAME, CLASS_TYPE)
VALUES ('C3742700', '029', NULL, '통계학2', '전공선택');
INSERT INTO TB_CLASS (CLASS_NO, DEPARTMENT_NO, PREATTENDING_CLASS_NO, CLASS_NAME, CLASS_TYPE)
VALUES ('C0736756', '029', NULL, '논문지도(공개발표)3', '논문지도');
INSERT INTO TB_CLASS (CLASS_NO, DEPARTMENT_NO, PREATTENDING_CLASS_NO, CLASS_NAME, CLASS_TYPE)
VALUES ('C0737056', '029', NULL, '논문지도1', '논문지도');
INSERT INTO TB_CLASS (CLASS_NO, DEPARTMENT_NO, PREATTENDING_CLASS_NO, CLASS_NAME, CLASS_TYPE)
VALUES ('C0737556', '029', NULL, '논문지도2', '논문지도');
INSERT INTO TB_CLASS (CLASS_NO, DEPARTMENT_NO, PREATTENDING_CLASS_NO, CLASS_NAME, CLASS_TYPE)
VALUES ('C1694500', '030', NULL, '생물약제학특론', '전공선택');
INSERT INTO TB_CLASS (CLASS_NO, DEPARTMENT_NO, PREATTENDING_CLASS_NO, CLASS_NAME, CLASS_TYPE)
VALUES ('C2011900', '030', NULL, '실험생화학', '전공선택');
INSERT INTO TB_CLASS (CLASS_NO, DEPARTMENT_NO, PREATTENDING_CLASS_NO, CLASS_NAME, CLASS_TYPE)
VALUES ('C4893900', '030', NULL, '약학세미나2', '전공선택');
INSERT INTO TB_CLASS (CLASS_NO, DEPARTMENT_NO, PREATTENDING_CLASS_NO, CLASS_NAME, CLASS_TYPE)
VALUES ('C2489700', '030', NULL, '유기약품합성반응특론', '전공선택');
INSERT INTO TB_CLASS (CLASS_NO, DEPARTMENT_NO, PREATTENDING_CLASS_NO, CLASS_NAME, CLASS_TYPE)
VALUES ('C2930800', '030', NULL, '장내세균학', '전공선택');
INSERT INTO TB_CLASS (CLASS_NO, DEPARTMENT_NO, PREATTENDING_CLASS_NO, CLASS_NAME, CLASS_TYPE)
VALUES ('C3108400', '030', NULL, '조제학특론및세미나', '전공선택');
INSERT INTO TB_CLASS (CLASS_NO, DEPARTMENT_NO, PREATTENDING_CLASS_NO, CLASS_NAME, CLASS_TYPE)
VALUES ('C0736757', '030', NULL, '논문지도(공개발표)3', '논문지도');
INSERT INTO TB_CLASS (CLASS_NO, DEPARTMENT_NO, PREATTENDING_CLASS_NO, CLASS_NAME, CLASS_TYPE)
VALUES ('C0737057', '030', NULL, '논문지도1', '논문지도');
INSERT INTO TB_CLASS (CLASS_NO, DEPARTMENT_NO, PREATTENDING_CLASS_NO, CLASS_NAME, CLASS_TYPE)
VALUES ('C0737557', '030', NULL, '논문지도2', '논문지도');
INSERT INTO TB_CLASS (CLASS_NO, DEPARTMENT_NO, PREATTENDING_CLASS_NO, CLASS_NAME, CLASS_TYPE)
VALUES ('C0810500', '031', NULL, '당뇨병치료의최근동향', '전공선택');
INSERT INTO TB_CLASS (CLASS_NO, DEPARTMENT_NO, PREATTENDING_CLASS_NO, CLASS_NAME, CLASS_TYPE)
VALUES ('C5008300', '031', NULL, '약물독성경감제 개발', '전공선택');
INSERT INTO TB_CLASS (CLASS_NO, DEPARTMENT_NO, PREATTENDING_CLASS_NO, CLASS_NAME, CLASS_TYPE)
VALUES ('C2580400', '031', NULL, '의약품기본론', '전공선택');
INSERT INTO TB_CLASS (CLASS_NO, DEPARTMENT_NO, PREATTENDING_CLASS_NO, CLASS_NAME, CLASS_TYPE)
VALUES ('C0736758', '031', NULL, '논문지도(공개발표)3', '논문지도');
INSERT INTO TB_CLASS (CLASS_NO, DEPARTMENT_NO, PREATTENDING_CLASS_NO, CLASS_NAME, CLASS_TYPE)
VALUES ('C0737058', '031', NULL, '논문지도1', '논문지도');
INSERT INTO TB_CLASS (CLASS_NO, DEPARTMENT_NO, PREATTENDING_CLASS_NO, CLASS_NAME, CLASS_TYPE)
VALUES ('C0737558', '031', NULL, '논문지도2', '논문지도');
INSERT INTO TB_CLASS (CLASS_NO, DEPARTMENT_NO, PREATTENDING_CLASS_NO, CLASS_NAME, CLASS_TYPE)
VALUES ('C4501900', '032', NULL, '기기분석학특론', '전공선택');
INSERT INTO TB_CLASS (CLASS_NO, DEPARTMENT_NO, PREATTENDING_CLASS_NO, CLASS_NAME, CLASS_TYPE)
VALUES ('C1381400', '032', NULL, '본초기원론', '전공선택');
INSERT INTO TB_CLASS (CLASS_NO, DEPARTMENT_NO, PREATTENDING_CLASS_NO, CLASS_NAME, CLASS_TYPE)
VALUES ('C4568400', '032', NULL, '약용식물분류학', '전공선택');
INSERT INTO TB_CLASS (CLASS_NO, DEPARTMENT_NO, PREATTENDING_CLASS_NO, CLASS_NAME, CLASS_TYPE)
VALUES ('C4502000', '032', NULL, '인체생리학특론', '전공선택');
INSERT INTO TB_CLASS (CLASS_NO, DEPARTMENT_NO, PREATTENDING_CLASS_NO, CLASS_NAME, CLASS_TYPE)
VALUES ('C0736759', '032', NULL, '논문지도(공개발표)3', '논문지도');
INSERT INTO TB_CLASS (CLASS_NO, DEPARTMENT_NO, PREATTENDING_CLASS_NO, CLASS_NAME, CLASS_TYPE)
VALUES ('C0737059', '032', NULL, '논문지도1', '논문지도');
INSERT INTO TB_CLASS (CLASS_NO, DEPARTMENT_NO, PREATTENDING_CLASS_NO, CLASS_NAME, CLASS_TYPE)
VALUES ('C0737559', '032', NULL, '논문지도2', '논문지도');
INSERT INTO TB_CLASS (CLASS_NO, DEPARTMENT_NO, PREATTENDING_CLASS_NO, CLASS_NAME, CLASS_TYPE)
VALUES ('C0085200', '033', NULL, '간호이론', '전공필수');
INSERT INTO TB_CLASS (CLASS_NO, DEPARTMENT_NO, PREATTENDING_CLASS_NO, CLASS_NAME, CLASS_TYPE)
VALUES ('C0089400', '033', NULL, '간호현상과질적연구', '전공필수');
INSERT INTO TB_CLASS (CLASS_NO, DEPARTMENT_NO, PREATTENDING_CLASS_NO, CLASS_NAME, CLASS_TYPE)
VALUES ('C1666600', '033', NULL, '상급간호연구방법론', '전공필수');
INSERT INTO TB_CLASS (CLASS_NO, DEPARTMENT_NO, PREATTENDING_CLASS_NO, CLASS_NAME, CLASS_TYPE)
VALUES ('C5008100', '033', NULL, '가족상담과 정신간호', '전공선택');
INSERT INTO TB_CLASS (CLASS_NO, DEPARTMENT_NO, PREATTENDING_CLASS_NO, CLASS_NAME, CLASS_TYPE)
VALUES ('C0069400', '033', NULL, '가족상담실습', '전공선택');
INSERT INTO TB_CLASS (CLASS_NO, DEPARTMENT_NO, PREATTENDING_CLASS_NO, CLASS_NAME, CLASS_TYPE)
VALUES ('C0086100', '033', NULL, '간호정보학', '전공선택');
INSERT INTO TB_CLASS (CLASS_NO, DEPARTMENT_NO, PREATTENDING_CLASS_NO, CLASS_NAME, CLASS_TYPE)
VALUES ('C0106000', '033', NULL, '건강행위론', '전공선택');
INSERT INTO TB_CLASS (CLASS_NO, DEPARTMENT_NO, PREATTENDING_CLASS_NO, CLASS_NAME, CLASS_TYPE)
VALUES ('C4866400', '033', NULL, '고급통계분석 및 세미나', '전공선택');
INSERT INTO TB_CLASS (CLASS_NO, DEPARTMENT_NO, PREATTENDING_CLASS_NO, CLASS_NAME, CLASS_TYPE)
VALUES ('C5014200', '033', NULL, '노인질환관리1', '전공선택');
INSERT INTO TB_CLASS (CLASS_NO, DEPARTMENT_NO, PREATTENDING_CLASS_NO, CLASS_NAME, CLASS_TYPE)
VALUES ('C5015700', '033', NULL, '노인질환관리2', '전공선택');
INSERT INTO TB_CLASS (CLASS_NO, DEPARTMENT_NO, PREATTENDING_CLASS_NO, CLASS_NAME, CLASS_TYPE)
VALUES ('C5015800', '033', NULL, '노인질환관리실습1', '전공선택');
INSERT INTO TB_CLASS (CLASS_NO, DEPARTMENT_NO, PREATTENDING_CLASS_NO, CLASS_NAME, CLASS_TYPE)
VALUES ('C5015900', '033', NULL, '노인질환관리실습2', '전공선택');
INSERT INTO TB_CLASS (CLASS_NO, DEPARTMENT_NO, PREATTENDING_CLASS_NO, CLASS_NAME, CLASS_TYPE)
VALUES ('C1359800', '033', NULL, '병태생리학', '전공선택');
INSERT INTO TB_CLASS (CLASS_NO, DEPARTMENT_NO, PREATTENDING_CLASS_NO, CLASS_NAME, CLASS_TYPE)
VALUES ('C4969400', '033', NULL, '상급(노인)건강사정', '전공선택');
INSERT INTO TB_CLASS (CLASS_NO, DEPARTMENT_NO, PREATTENDING_CLASS_NO, CLASS_NAME, CLASS_TYPE)
VALUES ('C4969300', '033', NULL, '상급노인병태생리학', '전공선택');
INSERT INTO TB_CLASS (CLASS_NO, DEPARTMENT_NO, PREATTENDING_CLASS_NO, CLASS_NAME, CLASS_TYPE)
VALUES ('C4843600', '033', NULL, '상급노인임상약물학', '전공선택');
INSERT INTO TB_CLASS (CLASS_NO, DEPARTMENT_NO, PREATTENDING_CLASS_NO, CLASS_NAME, CLASS_TYPE)
VALUES ('C2243200', '033', NULL, '약리학', '전공선택');
INSERT INTO TB_CLASS (CLASS_NO, DEPARTMENT_NO, PREATTENDING_CLASS_NO, CLASS_NAME, CLASS_TYPE)
VALUES ('C5008200', '033', NULL, '전문간호사의 역할및정책', '전공선택');
INSERT INTO TB_CLASS (CLASS_NO, DEPARTMENT_NO, PREATTENDING_CLASS_NO, CLASS_NAME, CLASS_TYPE)
VALUES ('C4250100', '033', NULL, '한방체질간호학', '전공선택');
INSERT INTO TB_CLASS (CLASS_NO, DEPARTMENT_NO, PREATTENDING_CLASS_NO, CLASS_NAME, CLASS_TYPE)
VALUES ('C0736760', '033', NULL, '논문지도(공개발표)3', '논문지도');
INSERT INTO TB_CLASS (CLASS_NO, DEPARTMENT_NO, PREATTENDING_CLASS_NO, CLASS_NAME, CLASS_TYPE)
VALUES ('C0737060', '033', NULL, '논문지도1', '논문지도');
INSERT INTO TB_CLASS (CLASS_NO, DEPARTMENT_NO, PREATTENDING_CLASS_NO, CLASS_NAME, CLASS_TYPE)
VALUES ('C0737560', '033', NULL, '논문지도2', '논문지도');
INSERT INTO TB_CLASS (CLASS_NO, DEPARTMENT_NO, PREATTENDING_CLASS_NO, CLASS_NAME, CLASS_TYPE)
VALUES ('C5009300', '034', NULL, '단지계획및설계스튜디오', '전공선택');
INSERT INTO TB_CLASS (CLASS_NO, DEPARTMENT_NO, PREATTENDING_CLASS_NO, CLASS_NAME, CLASS_TYPE)
VALUES ('C3016200', '034', NULL, '전통계승방법론', '전공선택');
INSERT INTO TB_CLASS (CLASS_NO, DEPARTMENT_NO, PREATTENDING_CLASS_NO, CLASS_NAME, CLASS_TYPE)
VALUES ('C3081300', '034', NULL, '조경계획방법론', '전공선택');
INSERT INTO TB_CLASS (CLASS_NO, DEPARTMENT_NO, PREATTENDING_CLASS_NO, CLASS_NAME, CLASS_TYPE)
VALUES ('C3087400', '034', NULL, '조경세미나', '전공선택');
INSERT INTO TB_CLASS (CLASS_NO, DEPARTMENT_NO, PREATTENDING_CLASS_NO, CLASS_NAME, CLASS_TYPE)
VALUES ('C4477600', '034', NULL, '조경시학', '전공선택');
INSERT INTO TB_CLASS (CLASS_NO, DEPARTMENT_NO, PREATTENDING_CLASS_NO, CLASS_NAME, CLASS_TYPE)
VALUES ('C4139300', '034', NULL, '환경보전및관리특론', '전공선택');
INSERT INTO TB_CLASS (CLASS_NO, DEPARTMENT_NO, PREATTENDING_CLASS_NO, CLASS_NAME, CLASS_TYPE)
VALUES ('C0736707', '034', NULL, '논문지도(공개발표)3', '논문지도');
INSERT INTO TB_CLASS (CLASS_NO, DEPARTMENT_NO, PREATTENDING_CLASS_NO, CLASS_NAME, CLASS_TYPE)
VALUES ('C0737007', '034', NULL, '논문지도1', '논문지도');
INSERT INTO TB_CLASS (CLASS_NO, DEPARTMENT_NO, PREATTENDING_CLASS_NO, CLASS_NAME, CLASS_TYPE)
VALUES ('C0737507', '034', NULL, '논문지도2', '논문지도');
INSERT INTO TB_CLASS (CLASS_NO, DEPARTMENT_NO, PREATTENDING_CLASS_NO, CLASS_NAME, CLASS_TYPE)
VALUES ('C1722800', '035', NULL, '생화학특론', '전공필수');
INSERT INTO TB_CLASS (CLASS_NO, DEPARTMENT_NO, PREATTENDING_CLASS_NO, CLASS_NAME, CLASS_TYPE)
VALUES ('C1053800', '035', NULL, '면역세포유전학', '전공선택');
INSERT INTO TB_CLASS (CLASS_NO, DEPARTMENT_NO, PREATTENDING_CLASS_NO, CLASS_NAME, CLASS_TYPE)
VALUES ('C4237900', '035', NULL, '생명공학연습1', '전공선택');
INSERT INTO TB_CLASS (CLASS_NO, DEPARTMENT_NO, PREATTENDING_CLASS_NO, CLASS_NAME, CLASS_TYPE)
VALUES ('C1691000', '035', NULL, '생물공학특론', '전공선택');
INSERT INTO TB_CLASS (CLASS_NO, DEPARTMENT_NO, PREATTENDING_CLASS_NO, CLASS_NAME, CLASS_TYPE)
VALUES ('C1801800', '035', NULL, '세미나2', '전공선택');
INSERT INTO TB_CLASS (CLASS_NO, DEPARTMENT_NO, PREATTENDING_CLASS_NO, CLASS_NAME, CLASS_TYPE)
VALUES ('C1808600', '035', NULL, '세포의신호전달', '전공선택');
INSERT INTO TB_CLASS (CLASS_NO, DEPARTMENT_NO, PREATTENDING_CLASS_NO, CLASS_NAME, CLASS_TYPE)
VALUES ('C1923000', '035', NULL, '식물생장조절론', '전공선택');
INSERT INTO TB_CLASS (CLASS_NO, DEPARTMENT_NO, PREATTENDING_CLASS_NO, CLASS_NAME, CLASS_TYPE)
VALUES ('C4242700', '035', NULL, '유전공학특론1', '전공선택');
INSERT INTO TB_CLASS (CLASS_NO, DEPARTMENT_NO, PREATTENDING_CLASS_NO, CLASS_NAME, CLASS_TYPE)
VALUES ('C0736714', '035', NULL, '논문지도(공개발표)3', '논문지도');
INSERT INTO TB_CLASS (CLASS_NO, DEPARTMENT_NO, PREATTENDING_CLASS_NO, CLASS_NAME, CLASS_TYPE)
VALUES ('C0737014', '035', NULL, '논문지도1', '논문지도');
INSERT INTO TB_CLASS (CLASS_NO, DEPARTMENT_NO, PREATTENDING_CLASS_NO, CLASS_NAME, CLASS_TYPE)
VALUES ('C0737514', '035', NULL, '논문지도2', '논문지도');
INSERT INTO TB_CLASS (CLASS_NO, DEPARTMENT_NO, PREATTENDING_CLASS_NO, CLASS_NAME, CLASS_TYPE)
VALUES ('C0227400', '036', NULL, '고등천체물리학1', '전공선택');
INSERT INTO TB_CLASS (CLASS_NO, DEPARTMENT_NO, PREATTENDING_CLASS_NO, CLASS_NAME, CLASS_TYPE)
VALUES ('C1810100', '036', NULL, '센서공학', '전공선택');
INSERT INTO TB_CLASS (CLASS_NO, DEPARTMENT_NO, PREATTENDING_CLASS_NO, CLASS_NAME, CLASS_TYPE)
VALUES ('C3984400', '036', NULL, '항성대기', '전공선택');
INSERT INTO TB_CLASS (CLASS_NO, DEPARTMENT_NO, PREATTENDING_CLASS_NO, CLASS_NAME, CLASS_TYPE)
VALUES ('C4005600', '036', NULL, '행성대기', '전공선택');
INSERT INTO TB_CLASS (CLASS_NO, DEPARTMENT_NO, PREATTENDING_CLASS_NO, CLASS_NAME, CLASS_TYPE)
VALUES ('C0736709', '036', NULL, '논문지도(공개발표)3', '논문지도');
INSERT INTO TB_CLASS (CLASS_NO, DEPARTMENT_NO, PREATTENDING_CLASS_NO, CLASS_NAME, CLASS_TYPE)
VALUES ('C0737009', '036', NULL, '논문지도1', '논문지도');
INSERT INTO TB_CLASS (CLASS_NO, DEPARTMENT_NO, PREATTENDING_CLASS_NO, CLASS_NAME, CLASS_TYPE)
VALUES ('C0737509', '036', NULL, '논문지도2', '논문지도');
INSERT INTO TB_CLASS (CLASS_NO, DEPARTMENT_NO, PREATTENDING_CLASS_NO, CLASS_NAME, CLASS_TYPE)
VALUES ('C1411900', '037', NULL, '분자구조해석학', '전공선택');
INSERT INTO TB_CLASS (CLASS_NO, DEPARTMENT_NO, PREATTENDING_CLASS_NO, CLASS_NAME, CLASS_TYPE)
VALUES ('C1414100', '037', NULL, '분자생물학', '전공선택');
INSERT INTO TB_CLASS (CLASS_NO, DEPARTMENT_NO, PREATTENDING_CLASS_NO, CLASS_NAME, CLASS_TYPE)
VALUES ('C1801100', '037', NULL, '세미나', '전공선택');
INSERT INTO TB_CLASS (CLASS_NO, DEPARTMENT_NO, PREATTENDING_CLASS_NO, CLASS_NAME, CLASS_TYPE)
VALUES ('C5005000', '037', NULL, '한약재 재배학 특론', '전공선택');
INSERT INTO TB_CLASS (CLASS_NO, DEPARTMENT_NO, PREATTENDING_CLASS_NO, CLASS_NAME, CLASS_TYPE)
VALUES ('C0736722', '037', NULL, '논문지도(공개발표)3', '논문지도');
INSERT INTO TB_CLASS (CLASS_NO, DEPARTMENT_NO, PREATTENDING_CLASS_NO, CLASS_NAME, CLASS_TYPE)
VALUES ('C0737022', '037', NULL, '논문지도1', '논문지도');
INSERT INTO TB_CLASS (CLASS_NO, DEPARTMENT_NO, PREATTENDING_CLASS_NO, CLASS_NAME, CLASS_TYPE)
VALUES ('C0737522', '037', NULL, '논문지도2', '논문지도');
INSERT INTO TB_CLASS (CLASS_NO, DEPARTMENT_NO, PREATTENDING_CLASS_NO, CLASS_NAME, CLASS_TYPE)
VALUES ('C1660500', '038', NULL, '삼림수문학', '전공선택');
INSERT INTO TB_CLASS (CLASS_NO, DEPARTMENT_NO, PREATTENDING_CLASS_NO, CLASS_NAME, CLASS_TYPE)
VALUES ('C4834000', '038', NULL, '생태계조성학특론', '전공선택');
INSERT INTO TB_CLASS (CLASS_NO, DEPARTMENT_NO, PREATTENDING_CLASS_NO, CLASS_NAME, CLASS_TYPE)
VALUES ('C4655900', '038', NULL, '시스템생태학', '전공선택');
INSERT INTO TB_CLASS (CLASS_NO, DEPARTMENT_NO, PREATTENDING_CLASS_NO, CLASS_NAME, CLASS_TYPE)
VALUES ('C4834100', '038', NULL, '야외휴양프로그램개발론', '전공선택');
INSERT INTO TB_CLASS (CLASS_NO, DEPARTMENT_NO, PREATTENDING_CLASS_NO, CLASS_NAME, CLASS_TYPE)
VALUES ('C0736711', '038', NULL, '논문지도(공개발표)3', '논문지도');
INSERT INTO TB_CLASS (CLASS_NO, DEPARTMENT_NO, PREATTENDING_CLASS_NO, CLASS_NAME, CLASS_TYPE)
VALUES ('C0737011', '038', NULL, '논문지도1', '논문지도');
INSERT INTO TB_CLASS (CLASS_NO, DEPARTMENT_NO, PREATTENDING_CLASS_NO, CLASS_NAME, CLASS_TYPE)
VALUES ('C0737511', '038', NULL, '논문지도2', '논문지도');
INSERT INTO TB_CLASS (CLASS_NO, DEPARTMENT_NO, PREATTENDING_CLASS_NO, CLASS_NAME, CLASS_TYPE)
VALUES ('C1691001', '039', NULL, '생물공학특론', '전공선택');
INSERT INTO TB_CLASS (CLASS_NO, DEPARTMENT_NO, PREATTENDING_CLASS_NO, CLASS_NAME, CLASS_TYPE)
VALUES ('C1939800', '039', NULL, '식품공학특론', '전공선택');
INSERT INTO TB_CLASS (CLASS_NO, DEPARTMENT_NO, PREATTENDING_CLASS_NO, CLASS_NAME, CLASS_TYPE)
VALUES ('C1943900', '039', NULL, '식품미생물유전특론', '전공선택');
INSERT INTO TB_CLASS (CLASS_NO, DEPARTMENT_NO, PREATTENDING_CLASS_NO, CLASS_NAME, CLASS_TYPE)
VALUES ('C1955400', '039', NULL, '식품학특론', '전공선택');
INSERT INTO TB_CLASS (CLASS_NO, DEPARTMENT_NO, PREATTENDING_CLASS_NO, CLASS_NAME, CLASS_TYPE)
VALUES ('C0736715', '039', NULL, '논문지도(공개발표)3', '논문지도');
INSERT INTO TB_CLASS (CLASS_NO, DEPARTMENT_NO, PREATTENDING_CLASS_NO, CLASS_NAME, CLASS_TYPE)
VALUES ('C0737015', '039', NULL, '논문지도1', '논문지도');
INSERT INTO TB_CLASS (CLASS_NO, DEPARTMENT_NO, PREATTENDING_CLASS_NO, CLASS_NAME, CLASS_TYPE)
VALUES ('C0737515', '039', NULL, '논문지도2', '논문지도');
INSERT INTO TB_CLASS (CLASS_NO, DEPARTMENT_NO, PREATTENDING_CLASS_NO, CLASS_NAME, CLASS_TYPE)
VALUES ('C2456300', '040', NULL, '원예작물육종학특론', '전공필수');
INSERT INTO TB_CLASS (CLASS_NO, DEPARTMENT_NO, PREATTENDING_CLASS_NO, CLASS_NAME, CLASS_TYPE)
VALUES ('C2459700', '040', NULL, '원예학세미나2', '전공필수');
INSERT INTO TB_CLASS (CLASS_NO, DEPARTMENT_NO, PREATTENDING_CLASS_NO, CLASS_NAME, CLASS_TYPE)
VALUES ('C3409500', '040', NULL, '채소학최신과제연구', '전공필수');
INSERT INTO TB_CLASS (CLASS_NO, DEPARTMENT_NO, PREATTENDING_CLASS_NO, CLASS_NAME, CLASS_TYPE)
VALUES ('C1923200', '040', NULL, '식물생장조절제응용론', '전공선택');
INSERT INTO TB_CLASS (CLASS_NO, DEPARTMENT_NO, PREATTENDING_CLASS_NO, CLASS_NAME, CLASS_TYPE)
VALUES ('C2454000', '040', NULL, '원예작물번식학특론', '전공선택');
INSERT INTO TB_CLASS (CLASS_NO, DEPARTMENT_NO, PREATTENDING_CLASS_NO, CLASS_NAME, CLASS_TYPE)
VALUES ('C0736700', '040', NULL, '논문지도(공개발표)3', '논문지도');
INSERT INTO TB_CLASS (CLASS_NO, DEPARTMENT_NO, PREATTENDING_CLASS_NO, CLASS_NAME, CLASS_TYPE)
VALUES ('C0737000', '040', NULL, '논문지도1', '논문지도');
INSERT INTO TB_CLASS (CLASS_NO, DEPARTMENT_NO, PREATTENDING_CLASS_NO, CLASS_NAME, CLASS_TYPE)
VALUES ('C0737503', '040', NULL, '논문지도2', '논문지도');
INSERT INTO TB_CLASS (CLASS_NO, DEPARTMENT_NO, PREATTENDING_CLASS_NO, CLASS_NAME, CLASS_TYPE)
VALUES ('C0814400', '041', NULL, '대기오염제어', '전공선택');
INSERT INTO TB_CLASS (CLASS_NO, DEPARTMENT_NO, PREATTENDING_CLASS_NO, CLASS_NAME, CLASS_TYPE)
VALUES ('C7592200', '041', NULL, '생물환경공학', '전공선택');
INSERT INTO TB_CLASS (CLASS_NO, DEPARTMENT_NO, PREATTENDING_CLASS_NO, CLASS_NAME, CLASS_TYPE)
VALUES ('C1852700', '041', NULL, '수질관리모델', '전공선택');
INSERT INTO TB_CLASS (CLASS_NO, DEPARTMENT_NO, PREATTENDING_CLASS_NO, CLASS_NAME, CLASS_TYPE)
VALUES ('C1854800', '041', NULL, '수질해석론', '전공선택');
INSERT INTO TB_CLASS (CLASS_NO, DEPARTMENT_NO, PREATTENDING_CLASS_NO, CLASS_NAME, CLASS_TYPE)
VALUES ('C0736713', '041', NULL, '논문지도(공개발표)3', '논문지도');
INSERT INTO TB_CLASS (CLASS_NO, DEPARTMENT_NO, PREATTENDING_CLASS_NO, CLASS_NAME, CLASS_TYPE)
VALUES ('C0737013', '041', NULL, '논문지도1', '논문지도');
INSERT INTO TB_CLASS (CLASS_NO, DEPARTMENT_NO, PREATTENDING_CLASS_NO, CLASS_NAME, CLASS_TYPE)
VALUES ('C0737513', '041', NULL, '논문지도2', '논문지도');
INSERT INTO TB_CLASS (CLASS_NO, DEPARTMENT_NO, PREATTENDING_CLASS_NO, CLASS_NAME, CLASS_TYPE)
VALUES ('C1018500', '042', NULL, '로물리특수과제1', '전공선택');
INSERT INTO TB_CLASS (CLASS_NO, DEPARTMENT_NO, PREATTENDING_CLASS_NO, CLASS_NAME, CLASS_TYPE)
VALUES ('C1322500', '042', NULL, '방사선계측이론1', '전공선택');
INSERT INTO TB_CLASS (CLASS_NO, DEPARTMENT_NO, PREATTENDING_CLASS_NO, CLASS_NAME, CLASS_TYPE)
VALUES ('C1328400', '042', NULL, '방사성폐기물처분공학', '전공선택');
INSERT INTO TB_CLASS (CLASS_NO, DEPARTMENT_NO, PREATTENDING_CLASS_NO, CLASS_NAME, CLASS_TYPE)
VALUES ('C2598300', '042', NULL, '이상류해석', '전공선택');
INSERT INTO TB_CLASS (CLASS_NO, DEPARTMENT_NO, PREATTENDING_CLASS_NO, CLASS_NAME, CLASS_TYPE)
VALUES ('C2939600', '042', NULL, '재료열역학', '전공선택');
INSERT INTO TB_CLASS (CLASS_NO, DEPARTMENT_NO, PREATTENDING_CLASS_NO, CLASS_NAME, CLASS_TYPE)
VALUES ('C3999400', '042', NULL, '핵공학특론1', '전공필수');
INSERT INTO TB_CLASS (CLASS_NO, DEPARTMENT_NO, PREATTENDING_CLASS_NO, CLASS_NAME, CLASS_TYPE)
VALUES ('C0736720', '042', NULL, '논문지도(공개발표)3', '논문지도');
INSERT INTO TB_CLASS (CLASS_NO, DEPARTMENT_NO, PREATTENDING_CLASS_NO, CLASS_NAME, CLASS_TYPE)
VALUES ('C0737020', '042', NULL, '논문지도1', '논문지도');
INSERT INTO TB_CLASS (CLASS_NO, DEPARTMENT_NO, PREATTENDING_CLASS_NO, CLASS_NAME, CLASS_TYPE)
VALUES ('C0737520', '042', NULL, '논문지도2', '논문지도');
INSERT INTO TB_CLASS (CLASS_NO, DEPARTMENT_NO, PREATTENDING_CLASS_NO, CLASS_NAME, CLASS_TYPE)
VALUES ('C4804700', '043', NULL, '고급디지털시스템설계', '전공선택');
INSERT INTO TB_CLASS (CLASS_NO, DEPARTMENT_NO, PREATTENDING_CLASS_NO, CLASS_NAME, CLASS_TYPE)
VALUES ('C4551400', '043', NULL, '고급디지털신호처리', '전공선택');
INSERT INTO TB_CLASS (CLASS_NO, DEPARTMENT_NO, PREATTENDING_CLASS_NO, CLASS_NAME, CLASS_TYPE)
VALUES ('C4835000', '043', NULL, '고급디지털통신', '전공선택');
INSERT INTO TB_CLASS (CLASS_NO, DEPARTMENT_NO, PREATTENDING_CLASS_NO, CLASS_NAME, CLASS_TYPE)
VALUES ('C7592100', '043', NULL, '고급선형제어', '전공선택');
INSERT INTO TB_CLASS (CLASS_NO, DEPARTMENT_NO, PREATTENDING_CLASS_NO, CLASS_NAME, CLASS_TYPE)
VALUES ('C1833200', '043', NULL, '소자물성특론', '전공선택');
INSERT INTO TB_CLASS (CLASS_NO, DEPARTMENT_NO, PREATTENDING_CLASS_NO, CLASS_NAME, CLASS_TYPE)
VALUES ('C4508900', '043', NULL, '수리물리특론', '전공선택');
INSERT INTO TB_CLASS (CLASS_NO, DEPARTMENT_NO, PREATTENDING_CLASS_NO, CLASS_NAME, CLASS_TYPE)
VALUES ('C3003100', '043', NULL, '전자시스템설계', '전공선택');
INSERT INTO TB_CLASS (CLASS_NO, DEPARTMENT_NO, PREATTENDING_CLASS_NO, CLASS_NAME, CLASS_TYPE)
VALUES ('C4235600', '043', NULL, '마이크로프로세서응용', '전공선택');
INSERT INTO TB_CLASS (CLASS_NO, DEPARTMENT_NO, PREATTENDING_CLASS_NO, CLASS_NAME, CLASS_TYPE)
VALUES ('C0736712', '043', NULL, '논문지도(공개발표)3', '논문지도');
INSERT INTO TB_CLASS (CLASS_NO, DEPARTMENT_NO, PREATTENDING_CLASS_NO, CLASS_NAME, CLASS_TYPE)
VALUES ('C0737012', '043', NULL, '논문지도1', '논문지도');
INSERT INTO TB_CLASS (CLASS_NO, DEPARTMENT_NO, PREATTENDING_CLASS_NO, CLASS_NAME, CLASS_TYPE)
VALUES ('C0737512', '043', NULL, '논문지도2', '논문지도');
INSERT INTO TB_CLASS (CLASS_NO, DEPARTMENT_NO, PREATTENDING_CLASS_NO, CLASS_NAME, CLASS_TYPE)
VALUES ('C0186200', '044', NULL, '계산기구조특론', '전공선택');
INSERT INTO TB_CLASS (CLASS_NO, DEPARTMENT_NO, PREATTENDING_CLASS_NO, CLASS_NAME, CLASS_TYPE)
VALUES ('C4837400', '044', NULL, '고급동영상코딩특론', '전공선택');
INSERT INTO TB_CLASS (CLASS_NO, DEPARTMENT_NO, PREATTENDING_CLASS_NO, CLASS_NAME, CLASS_TYPE)
VALUES ('C0460100', '044', NULL, '그래프및네트워크이론', '전공선택');
INSERT INTO TB_CLASS (CLASS_NO, DEPARTMENT_NO, PREATTENDING_CLASS_NO, CLASS_NAME, CLASS_TYPE)
VALUES ('C4233400', '044', NULL, '네트워크시스템특론', '전공선택');
INSERT INTO TB_CLASS (CLASS_NO, DEPARTMENT_NO, PREATTENDING_CLASS_NO, CLASS_NAME, CLASS_TYPE)
VALUES ('C1406900', '044', NULL, '분산시스템', '전공선택');
INSERT INTO TB_CLASS (CLASS_NO, DEPARTMENT_NO, PREATTENDING_CLASS_NO, CLASS_NAME, CLASS_TYPE)
VALUES ('C5004300', '044', NULL, '시스템분석 특론', '전공선택');
INSERT INTO TB_CLASS (CLASS_NO, DEPARTMENT_NO, PREATTENDING_CLASS_NO, CLASS_NAME, CLASS_TYPE)
VALUES ('C3613500', '044', NULL, '컴퓨터그래픽스특론', '전공선택');
INSERT INTO TB_CLASS (CLASS_NO, DEPARTMENT_NO, PREATTENDING_CLASS_NO, CLASS_NAME, CLASS_TYPE)
VALUES ('C0736723', '044', NULL, '논문지도(공개발표)3', '논문지도');
INSERT INTO TB_CLASS (CLASS_NO, DEPARTMENT_NO, PREATTENDING_CLASS_NO, CLASS_NAME, CLASS_TYPE)
VALUES ('C0737023', '044', NULL, '논문지도1', '논문지도');
INSERT INTO TB_CLASS (CLASS_NO, DEPARTMENT_NO, PREATTENDING_CLASS_NO, CLASS_NAME, CLASS_TYPE)
VALUES ('C0737523', '044', NULL, '논문지도2', '논문지도');
INSERT INTO TB_CLASS (CLASS_NO, DEPARTMENT_NO, PREATTENDING_CLASS_NO, CLASS_NAME, CLASS_TYPE)
VALUES ('C0107300', '045', NULL, '건설계약및제도연구', '전공선택');
INSERT INTO TB_CLASS (CLASS_NO, DEPARTMENT_NO, PREATTENDING_CLASS_NO, CLASS_NAME, CLASS_TYPE)
VALUES ('C0108600', '045', NULL, '건설관리기법연구', '전공선택');
INSERT INTO TB_CLASS (CLASS_NO, DEPARTMENT_NO, PREATTENDING_CLASS_NO, CLASS_NAME, CLASS_TYPE)
VALUES ('C0109700', '045', NULL, '건설사업관리', '전공선택');
INSERT INTO TB_CLASS (CLASS_NO, DEPARTMENT_NO, PREATTENDING_CLASS_NO, CLASS_NAME, CLASS_TYPE)
VALUES ('C0110700', '045', NULL, '건설재료특론', '전공선택');
INSERT INTO TB_CLASS (CLASS_NO, DEPARTMENT_NO, PREATTENDING_CLASS_NO, CLASS_NAME, CLASS_TYPE)
VALUES ('C0131700', '045', NULL, '건축정보시스템특론', '전공선택');
INSERT INTO TB_CLASS (CLASS_NO, DEPARTMENT_NO, PREATTENDING_CLASS_NO, CLASS_NAME, CLASS_TYPE)
VALUES ('C0134700', '045', NULL, '건축환경세미나', '전공선택');
INSERT INTO TB_CLASS (CLASS_NO, DEPARTMENT_NO, PREATTENDING_CLASS_NO, CLASS_NAME, CLASS_TYPE)
VALUES ('C0211600', '045', NULL, '고급재료역학', '전공선택');
INSERT INTO TB_CLASS (CLASS_NO, DEPARTMENT_NO, PREATTENDING_CLASS_NO, CLASS_NAME, CLASS_TYPE)
VALUES ('C0715300', '045', NULL, '내진설계및해석', '전공선택');
INSERT INTO TB_CLASS (CLASS_NO, DEPARTMENT_NO, PREATTENDING_CLASS_NO, CLASS_NAME, CLASS_TYPE)
VALUES ('C2910700', '045', NULL, '자연채광특론', '전공선택');
INSERT INTO TB_CLASS (CLASS_NO, DEPARTMENT_NO, PREATTENDING_CLASS_NO, CLASS_NAME, CLASS_TYPE)
VALUES ('C3222400', '045', NULL, '지속가능건축', '전공선택');
INSERT INTO TB_CLASS (CLASS_NO, DEPARTMENT_NO, PREATTENDING_CLASS_NO, CLASS_NAME, CLASS_TYPE)
VALUES ('C3616700', '045', NULL, '컴퓨터보조건축설계특론', '전공선택');
INSERT INTO TB_CLASS (CLASS_NO, DEPARTMENT_NO, PREATTENDING_CLASS_NO, CLASS_NAME, CLASS_TYPE)
VALUES ('C0736721', '045', NULL, '논문지도(공개발표)3', '논문지도');
INSERT INTO TB_CLASS (CLASS_NO, DEPARTMENT_NO, PREATTENDING_CLASS_NO, CLASS_NAME, CLASS_TYPE)
VALUES ('C0737021', '045', NULL, '논문지도1', '논문지도');
INSERT INTO TB_CLASS (CLASS_NO, DEPARTMENT_NO, PREATTENDING_CLASS_NO, CLASS_NAME, CLASS_TYPE)
VALUES ('C0737521', '045', NULL, '논문지도2', '논문지도');
INSERT INTO TB_CLASS (CLASS_NO, DEPARTMENT_NO, PREATTENDING_CLASS_NO, CLASS_NAME, CLASS_TYPE)
VALUES ('C7592700', '046', NULL, '고급수치해석', '전공선택');
INSERT INTO TB_CLASS (CLASS_NO, DEPARTMENT_NO, PREATTENDING_CLASS_NO, CLASS_NAME, CLASS_TYPE)
VALUES ('C0228000', '046', NULL, '고등토질시험', '전공선택');
INSERT INTO TB_CLASS (CLASS_NO, DEPARTMENT_NO, PREATTENDING_CLASS_NO, CLASS_NAME, CLASS_TYPE)
VALUES ('C0387600', '046', NULL, '구조진동론1', '전공선택');
INSERT INTO TB_CLASS (CLASS_NO, DEPARTMENT_NO, PREATTENDING_CLASS_NO, CLASS_NAME, CLASS_TYPE)
VALUES ('C0830600', '046', NULL, '도로공학특론', '전공선택');
INSERT INTO TB_CLASS (CLASS_NO, DEPARTMENT_NO, PREATTENDING_CLASS_NO, CLASS_NAME, CLASS_TYPE)
VALUES ('C0830900', '046', NULL, '도로시공학', '전공선택');
INSERT INTO TB_CLASS (CLASS_NO, DEPARTMENT_NO, PREATTENDING_CLASS_NO, CLASS_NAME, CLASS_TYPE)
VALUES ('C1840500', '046', NULL, '수리구조물특론', '전공선택');
INSERT INTO TB_CLASS (CLASS_NO, DEPARTMENT_NO, PREATTENDING_CLASS_NO, CLASS_NAME, CLASS_TYPE)
VALUES ('C1840700', '046', NULL, '수리모형실험론', '전공선택');
INSERT INTO TB_CLASS (CLASS_NO, DEPARTMENT_NO, PREATTENDING_CLASS_NO, CLASS_NAME, CLASS_TYPE)
VALUES ('C1851200', '046', NULL, '수자원공학과수치해석', '전공선택');
INSERT INTO TB_CLASS (CLASS_NO, DEPARTMENT_NO, PREATTENDING_CLASS_NO, CLASS_NAME, CLASS_TYPE)
VALUES ('C2559700', '046', NULL, '응용지질학', '전공선택');
INSERT INTO TB_CLASS (CLASS_NO, DEPARTMENT_NO, PREATTENDING_CLASS_NO, CLASS_NAME, CLASS_TYPE)
VALUES ('C2972800', '046', NULL, '전단강도', '전공선택');
INSERT INTO TB_CLASS (CLASS_NO, DEPARTMENT_NO, PREATTENDING_CLASS_NO, CLASS_NAME, CLASS_TYPE)
VALUES ('C3217700', '046', NULL, '지반개량특론', '전공선택');
INSERT INTO TB_CLASS (CLASS_NO, DEPARTMENT_NO, PREATTENDING_CLASS_NO, CLASS_NAME, CLASS_TYPE)
VALUES ('C3217900', '046', NULL, '지반구조물내진설계', '전공선택');
INSERT INTO TB_CLASS (CLASS_NO, DEPARTMENT_NO, PREATTENDING_CLASS_NO, CLASS_NAME, CLASS_TYPE)
VALUES ('C3734300', '046', NULL, '토질거동론', '전공선택');
INSERT INTO TB_CLASS (CLASS_NO, DEPARTMENT_NO, PREATTENDING_CLASS_NO, CLASS_NAME, CLASS_TYPE)
VALUES ('C7592600', '046', NULL, '하중저항계수설계', '전공선택');
INSERT INTO TB_CLASS (CLASS_NO, DEPARTMENT_NO, PREATTENDING_CLASS_NO, CLASS_NAME, CLASS_TYPE)
VALUES ('C0736718', '046', NULL, '논문지도(공개발표)3', '논문지도');
INSERT INTO TB_CLASS (CLASS_NO, DEPARTMENT_NO, PREATTENDING_CLASS_NO, CLASS_NAME, CLASS_TYPE)
VALUES ('C0737018', '046', NULL, '논문지도1', '논문지도');
INSERT INTO TB_CLASS (CLASS_NO, DEPARTMENT_NO, PREATTENDING_CLASS_NO, CLASS_NAME, CLASS_TYPE)
VALUES ('C0737518', '046', NULL, '논문지도2', '논문지도');
INSERT INTO TB_CLASS (CLASS_NO, DEPARTMENT_NO, PREATTENDING_CLASS_NO, CLASS_NAME, CLASS_TYPE)
VALUES ('C1858500', '047', NULL, '수치해석특론', '전공필수');
INSERT INTO TB_CLASS (CLASS_NO, DEPARTMENT_NO, PREATTENDING_CLASS_NO, CLASS_NAME, CLASS_TYPE)
VALUES ('C0712600', '047', NULL, '내연기관특론', '전공선택');
INSERT INTO TB_CLASS (CLASS_NO, DEPARTMENT_NO, PREATTENDING_CLASS_NO, CLASS_NAME, CLASS_TYPE)
VALUES ('C0900800', '047', NULL, '디지털제어', '전공선택');
INSERT INTO TB_CLASS (CLASS_NO, DEPARTMENT_NO, PREATTENDING_CLASS_NO, CLASS_NAME, CLASS_TYPE)
VALUES ('C1381000', '047', NULL, '복합재료2', '전공선택');
INSERT INTO TB_CLASS (CLASS_NO, DEPARTMENT_NO, PREATTENDING_CLASS_NO, CLASS_NAME, CLASS_TYPE)
VALUES ('C1457600', '047', NULL, '비선형제어', '전공선택');
INSERT INTO TB_CLASS (CLASS_NO, DEPARTMENT_NO, PREATTENDING_CLASS_NO, CLASS_NAME, CLASS_TYPE)
VALUES ('C2313400', '047', NULL, '연소공학특론', '전공선택');
INSERT INTO TB_CLASS (CLASS_NO, DEPARTMENT_NO, PREATTENDING_CLASS_NO, CLASS_NAME, CLASS_TYPE)
VALUES ('C3800500', '047', NULL, '파괴역학특론', '전공선택');
INSERT INTO TB_CLASS (CLASS_NO, DEPARTMENT_NO, PREATTENDING_CLASS_NO, CLASS_NAME, CLASS_TYPE)
VALUES ('C3824200', '047', NULL, '표면공학특론', '전공선택');
INSERT INTO TB_CLASS (CLASS_NO, DEPARTMENT_NO, PREATTENDING_CLASS_NO, CLASS_NAME, CLASS_TYPE)
VALUES ('C0736731', '047', NULL, '논문지도(공개발표)3', '논문지도');
INSERT INTO TB_CLASS (CLASS_NO, DEPARTMENT_NO, PREATTENDING_CLASS_NO, CLASS_NAME, CLASS_TYPE)
VALUES ('C0737030', '047', NULL, '논문지도1', '논문지도');
INSERT INTO TB_CLASS (CLASS_NO, DEPARTMENT_NO, PREATTENDING_CLASS_NO, CLASS_NAME, CLASS_TYPE)
VALUES ('C0737530', '047', NULL, '논문지도2', '논문지도');
INSERT INTO TB_CLASS (CLASS_NO, DEPARTMENT_NO, PREATTENDING_CLASS_NO, CLASS_NAME, CLASS_TYPE)
VALUES ('C4552500', '048', NULL, 'OFDM무선통신시스템', '전공선택');
INSERT INTO TB_CLASS (CLASS_NO, DEPARTMENT_NO, PREATTENDING_CLASS_NO, CLASS_NAME, CLASS_TYPE)
VALUES ('C1027700', '048', NULL, '마이크로스트립회로설계', '전공선택');
INSERT INTO TB_CLASS (CLASS_NO, DEPARTMENT_NO, PREATTENDING_CLASS_NO, CLASS_NAME, CLASS_TYPE)
VALUES ('C5009500', '048', NULL, '부호분할다중접속이론특론', '전공선택');
INSERT INTO TB_CLASS (CLASS_NO, DEPARTMENT_NO, PREATTENDING_CLASS_NO, CLASS_NAME, CLASS_TYPE)
VALUES ('C1458200', '048', NULL, '비선형초고주파소자및영향', '전공선택');
INSERT INTO TB_CLASS (CLASS_NO, DEPARTMENT_NO, PREATTENDING_CLASS_NO, CLASS_NAME, CLASS_TYPE)
VALUES ('C5009400', '048', NULL, '유무결합 홈넷 시스템', '전공선택');
INSERT INTO TB_CLASS (CLASS_NO, DEPARTMENT_NO, PREATTENDING_CLASS_NO, CLASS_NAME, CLASS_TYPE)
VALUES ('C3019100', '048', NULL, '전파이동통신시스템', '전공선택');
INSERT INTO TB_CLASS (CLASS_NO, DEPARTMENT_NO, PREATTENDING_CLASS_NO, CLASS_NAME, CLASS_TYPE)
VALUES ('C4982000', '048', NULL, '차세대 이동통신', '전공선택');
INSERT INTO TB_CLASS (CLASS_NO, DEPARTMENT_NO, PREATTENDING_CLASS_NO, CLASS_NAME, CLASS_TYPE)
VALUES ('C5009600', '048', NULL, '통신용 CMOS RF 집적회로 설계', '전공선택');
INSERT INTO TB_CLASS (CLASS_NO, DEPARTMENT_NO, PREATTENDING_CLASS_NO, CLASS_NAME, CLASS_TYPE)
VALUES ('C0736716', '048', NULL, '논문지도(공개발표)3', '논문지도');
INSERT INTO TB_CLASS (CLASS_NO, DEPARTMENT_NO, PREATTENDING_CLASS_NO, CLASS_NAME, CLASS_TYPE)
VALUES ('C0737016', '048', NULL, '논문지도1', '논문지도');
INSERT INTO TB_CLASS (CLASS_NO, DEPARTMENT_NO, PREATTENDING_CLASS_NO, CLASS_NAME, CLASS_TYPE)
VALUES ('C0737516', '048', NULL, '논문지도2', '논문지도');
INSERT INTO TB_CLASS (CLASS_NO, DEPARTMENT_NO, PREATTENDING_CLASS_NO, CLASS_NAME, CLASS_TYPE)
VALUES ('C0163000', '049', NULL, '경쟁분석론', '전공선택');
INSERT INTO TB_CLASS (CLASS_NO, DEPARTMENT_NO, PREATTENDING_CLASS_NO, CLASS_NAME, CLASS_TYPE)
VALUES ('C0215400', '049', NULL, '고급지능형시스템설계', '전공선택');
INSERT INTO TB_CLASS (CLASS_NO, DEPARTMENT_NO, PREATTENDING_CLASS_NO, CLASS_NAME, CLASS_TYPE)
VALUES ('C1703300', '049', NULL, '생산/물류시스템특론', '전공선택');
INSERT INTO TB_CLASS (CLASS_NO, DEPARTMENT_NO, PREATTENDING_CLASS_NO, CLASS_NAME, CLASS_TYPE)
VALUES ('C1732200', '049', NULL, '서비스품질계획및분석', '전공선택');
INSERT INTO TB_CLASS (CLASS_NO, DEPARTMENT_NO, PREATTENDING_CLASS_NO, CLASS_NAME, CLASS_TYPE)
VALUES ('C1765200', '049', NULL, '선형계획법', '전공선택');
INSERT INTO TB_CLASS (CLASS_NO, DEPARTMENT_NO, PREATTENDING_CLASS_NO, CLASS_NAME, CLASS_TYPE)
VALUES ('C2577800', '049', NULL, '의사결정지원론', '전공선택');
INSERT INTO TB_CLASS (CLASS_NO, DEPARTMENT_NO, PREATTENDING_CLASS_NO, CLASS_NAME, CLASS_TYPE)
VALUES ('C0736710', '049', NULL, '논문지도(공개발표)3', '논문지도');
INSERT INTO TB_CLASS (CLASS_NO, DEPARTMENT_NO, PREATTENDING_CLASS_NO, CLASS_NAME, CLASS_TYPE)
VALUES ('C0737010', '049', NULL, '논문지도1', '논문지도');
INSERT INTO TB_CLASS (CLASS_NO, DEPARTMENT_NO, PREATTENDING_CLASS_NO, CLASS_NAME, CLASS_TYPE)
VALUES ('C0737510', '049', NULL, '논문지도2', '논문지도');
INSERT INTO TB_CLASS (CLASS_NO, DEPARTMENT_NO, PREATTENDING_CLASS_NO, CLASS_NAME, CLASS_TYPE)
VALUES ('C0282700', '050', NULL, '공정역학', '전공선택');
INSERT INTO TB_CLASS (CLASS_NO, DEPARTMENT_NO, PREATTENDING_CLASS_NO, CLASS_NAME, CLASS_TYPE)
VALUES ('C1905600', '050', NULL, '시스템설계', '전공선택');
INSERT INTO TB_CLASS (CLASS_NO, DEPARTMENT_NO, PREATTENDING_CLASS_NO, CLASS_NAME, CLASS_TYPE)
VALUES ('C5005300', '050', NULL, '의료용재료 특론', '전공선택');
INSERT INTO TB_CLASS (CLASS_NO, DEPARTMENT_NO, PREATTENDING_CLASS_NO, CLASS_NAME, CLASS_TYPE)
VALUES ('C5005200', '050', NULL, '창의적 문제해결', '전공선택');
INSERT INTO TB_CLASS (CLASS_NO, DEPARTMENT_NO, PREATTENDING_CLASS_NO, CLASS_NAME, CLASS_TYPE)
VALUES ('C0736727', '050', NULL, '논문지도(공개발표)3', '논문지도');
INSERT INTO TB_CLASS (CLASS_NO, DEPARTMENT_NO, PREATTENDING_CLASS_NO, CLASS_NAME, CLASS_TYPE)
VALUES ('C0737027', '050', NULL, '논문지도1', '논문지도');
INSERT INTO TB_CLASS (CLASS_NO, DEPARTMENT_NO, PREATTENDING_CLASS_NO, CLASS_NAME, CLASS_TYPE)
VALUES ('C0737527', '050', NULL, '논문지도2', '논문지도');
INSERT INTO TB_CLASS (CLASS_NO, DEPARTMENT_NO, PREATTENDING_CLASS_NO, CLASS_NAME, CLASS_TYPE)
VALUES ('C1130500', '051', NULL, '물리화학특론', '전공선택');
INSERT INTO TB_CLASS (CLASS_NO, DEPARTMENT_NO, PREATTENDING_CLASS_NO, CLASS_NAME, CLASS_TYPE)
VALUES ('C1413500', '051', NULL, '분자분광학', '전공선택');
INSERT INTO TB_CLASS (CLASS_NO, DEPARTMENT_NO, PREATTENDING_CLASS_NO, CLASS_NAME, CLASS_TYPE)
VALUES ('C1796700', '051', NULL, '세라믹공학특론', '전공선택');
INSERT INTO TB_CLASS (CLASS_NO, DEPARTMENT_NO, PREATTENDING_CLASS_NO, CLASS_NAME, CLASS_TYPE)
VALUES ('C4101600', '051', NULL, '화공수치해석', '전공선택');
INSERT INTO TB_CLASS (CLASS_NO, DEPARTMENT_NO, PREATTENDING_CLASS_NO, CLASS_NAME, CLASS_TYPE)
VALUES ('C4102300', '051', NULL, '화공수학특론', '전공선택');
INSERT INTO TB_CLASS (CLASS_NO, DEPARTMENT_NO, PREATTENDING_CLASS_NO, CLASS_NAME, CLASS_TYPE)
VALUES ('C4113100', '051', NULL, '화학공학특강', '전공선택');
INSERT INTO TB_CLASS (CLASS_NO, DEPARTMENT_NO, PREATTENDING_CLASS_NO, CLASS_NAME, CLASS_TYPE)
VALUES ('C0736732', '051', NULL, '논문지도(공개발표)3', '논문지도');
INSERT INTO TB_CLASS (CLASS_NO, DEPARTMENT_NO, PREATTENDING_CLASS_NO, CLASS_NAME, CLASS_TYPE)
VALUES ('C0737032', '051', NULL, '논문지도1', '논문지도');
INSERT INTO TB_CLASS (CLASS_NO, DEPARTMENT_NO, PREATTENDING_CLASS_NO, CLASS_NAME, CLASS_TYPE)
VALUES ('C0737532', '051', NULL, '논문지도2', '논문지도');
INSERT INTO TB_CLASS (CLASS_NO, DEPARTMENT_NO, PREATTENDING_CLASS_NO, CLASS_NAME, CLASS_TYPE)
VALUES ('C1711700', '052', NULL, '생체신호처리1', '전공선택');
INSERT INTO TB_CLASS (CLASS_NO, DEPARTMENT_NO, PREATTENDING_CLASS_NO, CLASS_NAME, CLASS_TYPE)
VALUES ('C4509600', '052', NULL, '의료용데이터베이스설계', '전공선택');
INSERT INTO TB_CLASS (CLASS_NO, DEPARTMENT_NO, PREATTENDING_CLASS_NO, CLASS_NAME, CLASS_TYPE)
VALUES ('C4429600', '052', NULL, '의료지식표현과코딩', '전공선택');
INSERT INTO TB_CLASS (CLASS_NO, DEPARTMENT_NO, PREATTENDING_CLASS_NO, CLASS_NAME, CLASS_TYPE)
VALUES ('C2950100', '052', NULL, '재활공학', '전공선택');
INSERT INTO TB_CLASS (CLASS_NO, DEPARTMENT_NO, PREATTENDING_CLASS_NO, CLASS_NAME, CLASS_TYPE)
VALUES ('C0736708', '052', NULL, '논문지도(공개발표)3', '논문지도');
INSERT INTO TB_CLASS (CLASS_NO, DEPARTMENT_NO, PREATTENDING_CLASS_NO, CLASS_NAME, CLASS_TYPE)
VALUES ('C0737008', '052', NULL, '논문지도1', '논문지도');
INSERT INTO TB_CLASS (CLASS_NO, DEPARTMENT_NO, PREATTENDING_CLASS_NO, CLASS_NAME, CLASS_TYPE)
VALUES ('C0737508', '052', NULL, '논문지도2', '논문지도');
INSERT INTO TB_CLASS (CLASS_NO, DEPARTMENT_NO, PREATTENDING_CLASS_NO, CLASS_NAME, CLASS_TYPE)
VALUES ('C4837700', '048', NULL, '네트워크 시스템 성능분석', '전공선택');
INSERT INTO TB_CLASS (CLASS_NO, DEPARTMENT_NO, PREATTENDING_CLASS_NO, CLASS_NAME, CLASS_TYPE)
VALUES ('C0070700', '053', NULL, '가족중심일차의료', '전공선택');
INSERT INTO TB_CLASS (CLASS_NO, DEPARTMENT_NO, PREATTENDING_CLASS_NO, CLASS_NAME, CLASS_TYPE)
VALUES ('C0192200', '053', NULL, '고급분자생물학', '전공선택');
INSERT INTO TB_CLASS (CLASS_NO, DEPARTMENT_NO, PREATTENDING_CLASS_NO, CLASS_NAME, CLASS_TYPE)
VALUES ('C0234900', '053', NULL, '고분자생화학', '전공선택');
INSERT INTO TB_CLASS (CLASS_NO, DEPARTMENT_NO, PREATTENDING_CLASS_NO, CLASS_NAME, CLASS_TYPE)
VALUES ('C0255500', '053', NULL, '골격근과평활근', '전공선택');
INSERT INTO TB_CLASS (CLASS_NO, DEPARTMENT_NO, PREATTENDING_CLASS_NO, CLASS_NAME, CLASS_TYPE)
VALUES ('C0458100', '053', NULL, '굴절학', '전공선택');
INSERT INTO TB_CLASS (CLASS_NO, DEPARTMENT_NO, PREATTENDING_CLASS_NO, CLASS_NAME, CLASS_TYPE)
VALUES ('C0463300', '053', NULL, '근골격계질환의영상진단', '전공선택');
INSERT INTO TB_CLASS (CLASS_NO, DEPARTMENT_NO, PREATTENDING_CLASS_NO, CLASS_NAME, CLASS_TYPE)
VALUES ('C0498400', '053', NULL, '기생충유전학', '전공선택');
INSERT INTO TB_CLASS (CLASS_NO, DEPARTMENT_NO, PREATTENDING_CLASS_NO, CLASS_NAME, CLASS_TYPE)
VALUES ('C0499700', '053', NULL, '기생충학세미나', '전공선택');
INSERT INTO TB_CLASS (CLASS_NO, DEPARTMENT_NO, PREATTENDING_CLASS_NO, CLASS_NAME, CLASS_TYPE)
VALUES ('C0714200', '053', NULL, '내외과집담회', '전공선택');
INSERT INTO TB_CLASS (CLASS_NO, DEPARTMENT_NO, PREATTENDING_CLASS_NO, CLASS_NAME, CLASS_TYPE)
VALUES ('C5008800', '053', NULL, '노화생물학', '전공선택');
INSERT INTO TB_CLASS (CLASS_NO, DEPARTMENT_NO, PREATTENDING_CLASS_NO, CLASS_NAME, CLASS_TYPE)
VALUES ('C0748500', '053', NULL, '뇌졸중재활', '전공선택');
INSERT INTO TB_CLASS (CLASS_NO, DEPARTMENT_NO, PREATTENDING_CLASS_NO, CLASS_NAME, CLASS_TYPE)
VALUES ('C0749600', '053', NULL, '뇌허혈손상의분자생물학적기전', '전공선택');
INSERT INTO TB_CLASS (CLASS_NO, DEPARTMENT_NO, PREATTENDING_CLASS_NO, CLASS_NAME, CLASS_TYPE)
VALUES ('C0749800', '053', NULL, '뇌혈관진단학', '전공선택');
INSERT INTO TB_CLASS (CLASS_NO, DEPARTMENT_NO, PREATTENDING_CLASS_NO, CLASS_NAME, CLASS_TYPE)
VALUES ('C0751000', '053', NULL, '눈의생리학', '전공선택');
INSERT INTO TB_CLASS (CLASS_NO, DEPARTMENT_NO, PREATTENDING_CLASS_NO, CLASS_NAME, CLASS_TYPE)
VALUES ('C0852100', '053', NULL, '독물학', '전공선택');
INSERT INTO TB_CLASS (CLASS_NO, DEPARTMENT_NO, PREATTENDING_CLASS_NO, CLASS_NAME, CLASS_TYPE)
VALUES ('C0885600', '053', NULL, '동통학', '전공선택');
INSERT INTO TB_CLASS (CLASS_NO, DEPARTMENT_NO, PREATTENDING_CLASS_NO, CLASS_NAME, CLASS_TYPE)
VALUES ('C0888500', '053', NULL, '두통연구의새로운진전', '전공선택');
INSERT INTO TB_CLASS (CLASS_NO, DEPARTMENT_NO, PREATTENDING_CLASS_NO, CLASS_NAME, CLASS_TYPE)
VALUES ('C1037700', '053', NULL, '만성기도질환', '전공선택');
INSERT INTO TB_CLASS (CLASS_NO, DEPARTMENT_NO, PREATTENDING_CLASS_NO, CLASS_NAME, CLASS_TYPE)
VALUES ('C1038300', '053', NULL, '말초신경병증및근육질환', '전공선택');
INSERT INTO TB_CLASS (CLASS_NO, DEPARTMENT_NO, PREATTENDING_CLASS_NO, CLASS_NAME, CLASS_TYPE)
VALUES ('C1038400', '053', NULL, '말초혈관질환', '전공선택');
INSERT INTO TB_CLASS (CLASS_NO, DEPARTMENT_NO, PREATTENDING_CLASS_NO, CLASS_NAME, CLASS_TYPE)
VALUES ('C1053500', '053', NULL, '면역병리학', '전공선택');
INSERT INTO TB_CLASS (CLASS_NO, DEPARTMENT_NO, PREATTENDING_CLASS_NO, CLASS_NAME, CLASS_TYPE)
VALUES ('C4235800', '053', NULL, '면역학및세균학', '전공선택');
INSERT INTO TB_CLASS (CLASS_NO, DEPARTMENT_NO, PREATTENDING_CLASS_NO, CLASS_NAME, CLASS_TYPE)
VALUES ('C1148100', '053', NULL, '미생물학세미나1', '전공선택');
INSERT INTO TB_CLASS (CLASS_NO, DEPARTMENT_NO, PREATTENDING_CLASS_NO, CLASS_NAME, CLASS_TYPE)
VALUES ('C1151500', '053', NULL, '미숙아의병태생리와관리', '전공선택');
INSERT INTO TB_CLASS (CLASS_NO, DEPARTMENT_NO, PREATTENDING_CLASS_NO, CLASS_NAME, CLASS_TYPE)
VALUES ('C1300500', '053', NULL, '바이러스학', '전공선택');
INSERT INTO TB_CLASS (CLASS_NO, DEPARTMENT_NO, PREATTENDING_CLASS_NO, CLASS_NAME, CLASS_TYPE)
VALUES ('C1320600', '053', NULL, '방광뇨관역류', '전공선택');
INSERT INTO TB_CLASS (CLASS_NO, DEPARTMENT_NO, PREATTENDING_CLASS_NO, CLASS_NAME, CLASS_TYPE)
VALUES ('C1364700', '053', NULL, '보건행정', '전공선택');
INSERT INTO TB_CLASS (CLASS_NO, DEPARTMENT_NO, PREATTENDING_CLASS_NO, CLASS_NAME, CLASS_TYPE)
VALUES ('C1368100', '053', NULL, '보조기및의지', '전공선택');
INSERT INTO TB_CLASS (CLASS_NO, DEPARTMENT_NO, PREATTENDING_CLASS_NO, CLASS_NAME, CLASS_TYPE)
VALUES ('C1395000', '053', NULL, '부인과학특강1', '전공선택');
INSERT INTO TB_CLASS (CLASS_NO, DEPARTMENT_NO, PREATTENDING_CLASS_NO, CLASS_NAME, CLASS_TYPE)
VALUES ('C1420000', '053', NULL, '분자의학연구기법', '전공선택');
INSERT INTO TB_CLASS (CLASS_NO, DEPARTMENT_NO, PREATTENDING_CLASS_NO, CLASS_NAME, CLASS_TYPE)
VALUES ('C1432800', '053', NULL, '불임', '전공선택');
INSERT INTO TB_CLASS (CLASS_NO, DEPARTMENT_NO, PREATTENDING_CLASS_NO, CLASS_NAME, CLASS_TYPE)
VALUES ('C1450100', '053', NULL, '비교해부학및조직병리', '전공선택');
INSERT INTO TB_CLASS (CLASS_NO, DEPARTMENT_NO, PREATTENDING_CLASS_NO, CLASS_NAME, CLASS_TYPE)
VALUES ('C1639000', '053', NULL, '산과세미나', '전공선택');
INSERT INTO TB_CLASS (CLASS_NO, DEPARTMENT_NO, PREATTENDING_CLASS_NO, CLASS_NAME, CLASS_TYPE)
VALUES ('C1656100', '053', NULL, '산염기전해질에관한제문제', '전공선택');
INSERT INTO TB_CLASS (CLASS_NO, DEPARTMENT_NO, PREATTENDING_CLASS_NO, CLASS_NAME, CLASS_TYPE)
VALUES ('C1711300', '053', NULL, '생체막생화학', '전공선택');
INSERT INTO TB_CLASS (CLASS_NO, DEPARTMENT_NO, PREATTENDING_CLASS_NO, CLASS_NAME, CLASS_TYPE)
VALUES ('C1777400', '053', NULL, '성격이론', '전공선택');
INSERT INTO TB_CLASS (CLASS_NO, DEPARTMENT_NO, PREATTENDING_CLASS_NO, CLASS_NAME, CLASS_TYPE)
VALUES ('C1790800', '053', NULL, '성호르몬', '전공선택');
INSERT INTO TB_CLASS (CLASS_NO, DEPARTMENT_NO, PREATTENDING_CLASS_NO, CLASS_NAME, CLASS_TYPE)
VALUES ('C5008700', '053', NULL, '세포병인학', '전공선택');
INSERT INTO TB_CLASS (CLASS_NO, DEPARTMENT_NO, PREATTENDING_CLASS_NO, CLASS_NAME, CLASS_TYPE)
VALUES ('C1808800', '053', NULL, '세포학', '전공선택');
INSERT INTO TB_CLASS (CLASS_NO, DEPARTMENT_NO, PREATTENDING_CLASS_NO, CLASS_NAME, CLASS_TYPE)
VALUES ('C4238500', '053', NULL, '소아마취과학', '전공선택');
INSERT INTO TB_CLASS (CLASS_NO, DEPARTMENT_NO, PREATTENDING_CLASS_NO, CLASS_NAME, CLASS_TYPE)
VALUES ('C1836400', '053', NULL, '소화기계통진단학', '전공선택');
INSERT INTO TB_CLASS (CLASS_NO, DEPARTMENT_NO, PREATTENDING_CLASS_NO, CLASS_NAME, CLASS_TYPE)
VALUES ('C1837600', '053', NULL, '손의외과학', '전공선택');
INSERT INTO TB_CLASS (CLASS_NO, DEPARTMENT_NO, PREATTENDING_CLASS_NO, CLASS_NAME, CLASS_TYPE)
VALUES ('C1859200', '053', NULL, '수포성질환', '전공선택');
INSERT INTO TB_CLASS (CLASS_NO, DEPARTMENT_NO, PREATTENDING_CLASS_NO, CLASS_NAME, CLASS_TYPE)
VALUES ('C1957700', '053', NULL, '신경계혈관학', '전공선택');
INSERT INTO TB_CLASS (CLASS_NO, DEPARTMENT_NO, PREATTENDING_CLASS_NO, CLASS_NAME, CLASS_TYPE)
VALUES ('C1959000', '053', NULL, '신경방사선학', '전공선택');
INSERT INTO TB_CLASS (CLASS_NO, DEPARTMENT_NO, PREATTENDING_CLASS_NO, CLASS_NAME, CLASS_TYPE)
VALUES ('C1960300', '053', NULL, '신경생화학', '전공선택');
INSERT INTO TB_CLASS (CLASS_NO, DEPARTMENT_NO, PREATTENDING_CLASS_NO, CLASS_NAME, CLASS_TYPE)
VALUES ('C1976000', '053', NULL, '신성고혈압', '전공선택');
INSERT INTO TB_CLASS (CLASS_NO, DEPARTMENT_NO, PREATTENDING_CLASS_NO, CLASS_NAME, CLASS_TYPE)
VALUES ('C2221800', '053', NULL, '안과수술학', '전공선택');
INSERT INTO TB_CLASS (CLASS_NO, DEPARTMENT_NO, PREATTENDING_CLASS_NO, CLASS_NAME, CLASS_TYPE)
VALUES ('C2236600', '053', NULL, '암의역학및예방', '전공선택');
INSERT INTO TB_CLASS (CLASS_NO, DEPARTMENT_NO, PREATTENDING_CLASS_NO, CLASS_NAME, CLASS_TYPE)
VALUES ('C2412300', '053', NULL, '와우이식술의최신지견', '전공선택');
INSERT INTO TB_CLASS (CLASS_NO, DEPARTMENT_NO, PREATTENDING_CLASS_NO, CLASS_NAME, CLASS_TYPE)
VALUES ('C2471400', '053', NULL, '원핵세포유전자발현', '전공선택');
INSERT INTO TB_CLASS (CLASS_NO, DEPARTMENT_NO, PREATTENDING_CLASS_NO, CLASS_NAME, CLASS_TYPE)
VALUES ('C2480200', '053', NULL, '위장관병리', '전공선택');
INSERT INTO TB_CLASS (CLASS_NO, DEPARTMENT_NO, PREATTENDING_CLASS_NO, CLASS_NAME, CLASS_TYPE)
VALUES ('C2527800', '053', NULL, '윤충감염증에서의면역학', '전공선택');
INSERT INTO TB_CLASS (CLASS_NO, DEPARTMENT_NO, PREATTENDING_CLASS_NO, CLASS_NAME, CLASS_TYPE)
VALUES ('C4844300', '053', NULL, '의용공학의입문', '전공선택');
INSERT INTO TB_CLASS (CLASS_NO, DEPARTMENT_NO, PREATTENDING_CLASS_NO, CLASS_NAME, CLASS_TYPE)
VALUES ('C2585200', '053', NULL, '의학세균학', '전공선택');
INSERT INTO TB_CLASS (CLASS_NO, DEPARTMENT_NO, PREATTENDING_CLASS_NO, CLASS_NAME, CLASS_TYPE)
VALUES ('C2609500', '053', NULL, '인공관절대치론', '전공선택');
INSERT INTO TB_CLASS (CLASS_NO, DEPARTMENT_NO, PREATTENDING_CLASS_NO, CLASS_NAME, CLASS_TYPE)
VALUES ('C2704300', '053', NULL, '임상정신의학', '전공선택');
INSERT INTO TB_CLASS (CLASS_NO, DEPARTMENT_NO, PREATTENDING_CLASS_NO, CLASS_NAME, CLASS_TYPE)
VALUES ('C2708700', '053', NULL, '임상행동의학', '전공선택');
INSERT INTO TB_CLASS (CLASS_NO, DEPARTMENT_NO, PREATTENDING_CLASS_NO, CLASS_NAME, CLASS_TYPE)
VALUES ('C2913600', '053', NULL, '자율신경약리학', '전공선택');
INSERT INTO TB_CLASS (CLASS_NO, DEPARTMENT_NO, PREATTENDING_CLASS_NO, CLASS_NAME, CLASS_TYPE)
VALUES ('C2952200', '053', NULL, '재활의학총론', '전공선택');
INSERT INTO TB_CLASS (CLASS_NO, DEPARTMENT_NO, PREATTENDING_CLASS_NO, CLASS_NAME, CLASS_TYPE)
VALUES ('C4892500', '053', NULL, '전문적심장구조술', '전공선택');
INSERT INTO TB_CLASS (CLASS_NO, DEPARTMENT_NO, PREATTENDING_CLASS_NO, CLASS_NAME, CLASS_TYPE)
VALUES ('C3045100', '053', NULL, '정신생리학', '전공선택');
INSERT INTO TB_CLASS (CLASS_NO, DEPARTMENT_NO, PREATTENDING_CLASS_NO, CLASS_NAME, CLASS_TYPE)
VALUES ('C3045700', '053', NULL, '정신약리학', '전공선택');
INSERT INTO TB_CLASS (CLASS_NO, DEPARTMENT_NO, PREATTENDING_CLASS_NO, CLASS_NAME, CLASS_TYPE)
VALUES ('C3112800', '053', NULL, '조직학', '전공선택');
INSERT INTO TB_CLASS (CLASS_NO, DEPARTMENT_NO, PREATTENDING_CLASS_NO, CLASS_NAME, CLASS_TYPE)
VALUES ('C3116800', '053', NULL, '조혈기약리학', '전공선택');
INSERT INTO TB_CLASS (CLASS_NO, DEPARTMENT_NO, PREATTENDING_CLASS_NO, CLASS_NAME, CLASS_TYPE)
VALUES ('C3131000', '053', NULL, '종양학개론', '전공선택');
INSERT INTO TB_CLASS (CLASS_NO, DEPARTMENT_NO, PREATTENDING_CLASS_NO, CLASS_NAME, CLASS_TYPE)
VALUES ('C4893000', '053', NULL, '중독학', '전공선택');
INSERT INTO TB_CLASS (CLASS_NO, DEPARTMENT_NO, PREATTENDING_CLASS_NO, CLASS_NAME, CLASS_TYPE)
VALUES ('C3207000', '053', NULL, '중환자관리', '전공선택');
INSERT INTO TB_CLASS (CLASS_NO, DEPARTMENT_NO, PREATTENDING_CLASS_NO, CLASS_NAME, CLASS_TYPE)
VALUES ('C3242700', '053', NULL, '진단PCR', '전공선택');
INSERT INTO TB_CLASS (CLASS_NO, DEPARTMENT_NO, PREATTENDING_CLASS_NO, CLASS_NAME, CLASS_TYPE)
VALUES ('C3753100', '053', NULL, '통증관리', '전공선택');
INSERT INTO TB_CLASS (CLASS_NO, DEPARTMENT_NO, PREATTENDING_CLASS_NO, CLASS_NAME, CLASS_TYPE)
VALUES ('C3843900', '053', NULL, '피부생리학', '전공선택');
INSERT INTO TB_CLASS (CLASS_NO, DEPARTMENT_NO, PREATTENDING_CLASS_NO, CLASS_NAME, CLASS_TYPE)
VALUES ('C3985500', '053', NULL, '항암화학요법학', '전공선택');
INSERT INTO TB_CLASS (CLASS_NO, DEPARTMENT_NO, PREATTENDING_CLASS_NO, CLASS_NAME, CLASS_TYPE)
VALUES ('C3990000', '053', NULL, '해부학특강', '전공선택');
INSERT INTO TB_CLASS (CLASS_NO, DEPARTMENT_NO, PREATTENDING_CLASS_NO, CLASS_NAME, CLASS_TYPE)
VALUES ('C4074600', '053', NULL, '혈액순환과혈류역학', '전공선택');
INSERT INTO TB_CLASS (CLASS_NO, DEPARTMENT_NO, PREATTENDING_CLASS_NO, CLASS_NAME, CLASS_TYPE)
VALUES ('C4074900', '053', NULL, '혈액학', '전공선택');
INSERT INTO TB_CLASS (CLASS_NO, DEPARTMENT_NO, PREATTENDING_CLASS_NO, CLASS_NAME, CLASS_TYPE)
VALUES ('C4169500', '053', NULL, '효소학', '전공선택');
INSERT INTO TB_CLASS (CLASS_NO, DEPARTMENT_NO, PREATTENDING_CLASS_NO, CLASS_NAME, CLASS_TYPE)
VALUES ('C1151100', '053', NULL, '미세형태학', '공통과목');
INSERT INTO TB_CLASS (CLASS_NO, DEPARTMENT_NO, PREATTENDING_CLASS_NO, CLASS_NAME, CLASS_TYPE)
VALUES ('C1363700', '053', NULL, '보건통계학', '공통과목');
INSERT INTO TB_CLASS (CLASS_NO, DEPARTMENT_NO, PREATTENDING_CLASS_NO, CLASS_NAME, CLASS_TYPE)
VALUES ('C4557200', '053', NULL, '분자내분비학', '공통과목');
INSERT INTO TB_CLASS (CLASS_NO, DEPARTMENT_NO, PREATTENDING_CLASS_NO, CLASS_NAME, CLASS_TYPE)
VALUES ('C1414101', '053', NULL, '분자생물학', '공통과목');
INSERT INTO TB_CLASS (CLASS_NO, DEPARTMENT_NO, PREATTENDING_CLASS_NO, CLASS_NAME, CLASS_TYPE)
VALUES ('C4502200', '053', NULL, '분자생물학 연구 방법론', '공통과목');
INSERT INTO TB_CLASS (CLASS_NO, DEPARTMENT_NO, PREATTENDING_CLASS_NO, CLASS_NAME, CLASS_TYPE)
VALUES ('C4905800', '053', NULL, '분자세포독성학', '공통과목');
INSERT INTO TB_CLASS (CLASS_NO, DEPARTMENT_NO, PREATTENDING_CLASS_NO, CLASS_NAME, CLASS_TYPE)
VALUES ('C4905700', '053', NULL, '생물정보학', '공통과목');
INSERT INTO TB_CLASS (CLASS_NO, DEPARTMENT_NO, PREATTENDING_CLASS_NO, CLASS_NAME, CLASS_TYPE)
VALUES ('C4502300', '053', NULL, '세포의 구조와 기능', '공통과목');
INSERT INTO TB_CLASS (CLASS_NO, DEPARTMENT_NO, PREATTENDING_CLASS_NO, CLASS_NAME, CLASS_TYPE)
VALUES ('C4502100', '053', NULL, '신호전달생화학', '공통과목');
INSERT INTO TB_CLASS (CLASS_NO, DEPARTMENT_NO, PREATTENDING_CLASS_NO, CLASS_NAME, CLASS_TYPE)
VALUES ('C2011800', '053', NULL, '실험생리학', '공통과목');
INSERT INTO TB_CLASS (CLASS_NO, DEPARTMENT_NO, PREATTENDING_CLASS_NO, CLASS_NAME, CLASS_TYPE)
VALUES ('C2244600', '053', NULL, '약리학세미나', '공통과목');
INSERT INTO TB_CLASS (CLASS_NO, DEPARTMENT_NO, PREATTENDING_CLASS_NO, CLASS_NAME, CLASS_TYPE)
VALUES ('C5008900', '053', NULL, '유전자복제와 수선', '공통과목');
INSERT INTO TB_CLASS (CLASS_NO, DEPARTMENT_NO, PREATTENDING_CLASS_NO, CLASS_NAME, CLASS_TYPE)
VALUES ('C4557100', '053', NULL, '의학면역학', '공통과목');
INSERT INTO TB_CLASS (CLASS_NO, DEPARTMENT_NO, PREATTENDING_CLASS_NO, CLASS_NAME, CLASS_TYPE)
VALUES ('C2623400', '053', NULL, '인체생리학', '공통과목');
INSERT INTO TB_CLASS (CLASS_NO, DEPARTMENT_NO, PREATTENDING_CLASS_NO, CLASS_NAME, CLASS_TYPE)
VALUES ('C2693500', '053', NULL, '임상기생충학', '공통과목');
INSERT INTO TB_CLASS (CLASS_NO, DEPARTMENT_NO, PREATTENDING_CLASS_NO, CLASS_NAME, CLASS_TYPE)
VALUES ('C2702300', '053', NULL, '임상약리학', '공통과목');
INSERT INTO TB_CLASS (CLASS_NO, DEPARTMENT_NO, PREATTENDING_CLASS_NO, CLASS_NAME, CLASS_TYPE)
VALUES ('C3130400', '053', NULL, '종양학', '공통과목');
INSERT INTO TB_CLASS (CLASS_NO, DEPARTMENT_NO, PREATTENDING_CLASS_NO, CLASS_NAME, CLASS_TYPE)
VALUES ('C4502500', '053', NULL, '형태학 개론', '공통과목');
INSERT INTO TB_CLASS (CLASS_NO, DEPARTMENT_NO, PREATTENDING_CLASS_NO, CLASS_NAME, CLASS_TYPE)
VALUES ('C0736761', '053', NULL, '논문지도(공개발표)3', '논문지도');
INSERT INTO TB_CLASS (CLASS_NO, DEPARTMENT_NO, PREATTENDING_CLASS_NO, CLASS_NAME, CLASS_TYPE)
VALUES ('C0737061', '053', NULL, '논문지도1', '논문지도');
INSERT INTO TB_CLASS (CLASS_NO, DEPARTMENT_NO, PREATTENDING_CLASS_NO, CLASS_NAME, CLASS_TYPE)
VALUES ('C0737561', '053', NULL, '논문지도2', '논문지도');
INSERT INTO TB_CLASS (CLASS_NO, DEPARTMENT_NO, PREATTENDING_CLASS_NO, CLASS_NAME, CLASS_TYPE)
VALUES ('C0468300', '054', NULL, '근세이후의한의학사', '전공필수');
INSERT INTO TB_CLASS (CLASS_NO, DEPARTMENT_NO, PREATTENDING_CLASS_NO, CLASS_NAME, CLASS_TYPE)
VALUES ('C0469000', '054', NULL, '근육손상론', '전공필수');
INSERT INTO TB_CLASS (CLASS_NO, DEPARTMENT_NO, PREATTENDING_CLASS_NO, CLASS_NAME, CLASS_TYPE)
VALUES ('C5012200', '054', NULL, '변증특론3', '전공필수');
INSERT INTO TB_CLASS (CLASS_NO, DEPARTMENT_NO, PREATTENDING_CLASS_NO, CLASS_NAME, CLASS_TYPE)
VALUES ('C1385900', '054', NULL, '부과원전', '전공필수');
INSERT INTO TB_CLASS (CLASS_NO, DEPARTMENT_NO, PREATTENDING_CLASS_NO, CLASS_NAME, CLASS_TYPE)
VALUES ('C5011500', '054', NULL, '분자역학론', '전공필수');
INSERT INTO TB_CLASS (CLASS_NO, DEPARTMENT_NO, PREATTENDING_CLASS_NO, CLASS_NAME, CLASS_TYPE)
VALUES ('C1603600', '054', NULL, '사상병증론', '전공필수');
INSERT INTO TB_CLASS (CLASS_NO, DEPARTMENT_NO, PREATTENDING_CLASS_NO, CLASS_NAME, CLASS_TYPE)
VALUES ('C1823900', '054', NULL, '소아뇌신경론', '전공필수');
INSERT INTO TB_CLASS (CLASS_NO, DEPARTMENT_NO, PREATTENDING_CLASS_NO, CLASS_NAME, CLASS_TYPE)
VALUES ('C5012400', '054', NULL, '소화기질환론1', '전공필수');
INSERT INTO TB_CLASS (CLASS_NO, DEPARTMENT_NO, PREATTENDING_CLASS_NO, CLASS_NAME, CLASS_TYPE)
VALUES ('C1838300', '054', NULL, '송대의의학', '전공필수');
INSERT INTO TB_CLASS (CLASS_NO, DEPARTMENT_NO, PREATTENDING_CLASS_NO, CLASS_NAME, CLASS_TYPE)
VALUES ('C1973200', '054', NULL, '신사구체병론1', '전공필수');
INSERT INTO TB_CLASS (CLASS_NO, DEPARTMENT_NO, PREATTENDING_CLASS_NO, CLASS_NAME, CLASS_TYPE)
VALUES ('C1983900', '054', NULL, '신형론', '전공필수');
INSERT INTO TB_CLASS (CLASS_NO, DEPARTMENT_NO, PREATTENDING_CLASS_NO, CLASS_NAME, CLASS_TYPE)
VALUES ('C2250400', '054', NULL, '약용식물학', '전공필수');
INSERT INTO TB_CLASS (CLASS_NO, DEPARTMENT_NO, PREATTENDING_CLASS_NO, CLASS_NAME, CLASS_TYPE)
VALUES ('C2391600', '054', NULL, '영위순환론', '전공필수');
INSERT INTO TB_CLASS (CLASS_NO, DEPARTMENT_NO, PREATTENDING_CLASS_NO, CLASS_NAME, CLASS_TYPE)
VALUES ('C3103900', '054', NULL, '조선전기의학사', '전공필수');
INSERT INTO TB_CLASS (CLASS_NO, DEPARTMENT_NO, PREATTENDING_CLASS_NO, CLASS_NAME, CLASS_TYPE)
VALUES ('C3165900', '054', NULL, '중국의학사2', '전공필수');
INSERT INTO TB_CLASS (CLASS_NO, DEPARTMENT_NO, PREATTENDING_CLASS_NO, CLASS_NAME, CLASS_TYPE)
VALUES ('C5013100', '054', NULL, '질환별한방진료의실제', '전공필수');
INSERT INTO TB_CLASS (CLASS_NO, DEPARTMENT_NO, PREATTENDING_CLASS_NO, CLASS_NAME, CLASS_TYPE)
VALUES ('C5012600', '054', NULL, '처방배합론1', '전공필수');
INSERT INTO TB_CLASS (CLASS_NO, DEPARTMENT_NO, PREATTENDING_CLASS_NO, CLASS_NAME, CLASS_TYPE)
VALUES ('C5011800', '054', NULL, '치매2', '전공필수');
INSERT INTO TB_CLASS (CLASS_NO, DEPARTMENT_NO, PREATTENDING_CLASS_NO, CLASS_NAME, CLASS_TYPE)
VALUES ('C5013700', '054', NULL, '한방피부병리론', '전공필수');
INSERT INTO TB_CLASS (CLASS_NO, DEPARTMENT_NO, PREATTENDING_CLASS_NO, CLASS_NAME, CLASS_TYPE)
VALUES ('C5012100', '054', NULL, '한의의료관리론', '전공필수');
INSERT INTO TB_CLASS (CLASS_NO, DEPARTMENT_NO, PREATTENDING_CLASS_NO, CLASS_NAME, CLASS_TYPE)
VALUES ('C5013000', '054', NULL, '한의철학개론2', '전공필수');
INSERT INTO TB_CLASS (CLASS_NO, DEPARTMENT_NO, PREATTENDING_CLASS_NO, CLASS_NAME, CLASS_TYPE)
VALUES ('C0076800', '054', NULL, '간기울체론', '전공선택');
INSERT INTO TB_CLASS (CLASS_NO, DEPARTMENT_NO, PREATTENDING_CLASS_NO, CLASS_NAME, CLASS_TYPE)
VALUES ('C0079100', '054', NULL, '간양상항론', '전공선택');
INSERT INTO TB_CLASS (CLASS_NO, DEPARTMENT_NO, PREATTENDING_CLASS_NO, CLASS_NAME, CLASS_TYPE)
VALUES ('C0140500', '054', NULL, '경락병기', '전공선택');
INSERT INTO TB_CLASS (CLASS_NO, DEPARTMENT_NO, PREATTENDING_CLASS_NO, CLASS_NAME, CLASS_TYPE)
VALUES ('C0141700', '054', NULL, '경악전서', '전공선택');
INSERT INTO TB_CLASS (CLASS_NO, DEPARTMENT_NO, PREATTENDING_CLASS_NO, CLASS_NAME, CLASS_TYPE)
VALUES ('C5013200', '054', NULL, '경혈임상연구방법론1', '전공선택');
INSERT INTO TB_CLASS (CLASS_NO, DEPARTMENT_NO, PREATTENDING_CLASS_NO, CLASS_NAME, CLASS_TYPE)
VALUES ('C0459000', '054', NULL, '궐증론', '전공선택');
INSERT INTO TB_CLASS (CLASS_NO, DEPARTMENT_NO, PREATTENDING_CLASS_NO, CLASS_NAME, CLASS_TYPE)
VALUES ('C0471500', '054', NULL, '금궤요략', '전공선택');
INSERT INTO TB_CLASS (CLASS_NO, DEPARTMENT_NO, PREATTENDING_CLASS_NO, CLASS_NAME, CLASS_TYPE)
VALUES ('C0488600', '054', NULL, '기공론', '전공선택');
INSERT INTO TB_CLASS (CLASS_NO, DEPARTMENT_NO, PREATTENDING_CLASS_NO, CLASS_NAME, CLASS_TYPE)
VALUES ('C0704800', '054', NULL, '내경생리론1', '전공선택');
INSERT INTO TB_CLASS (CLASS_NO, DEPARTMENT_NO, PREATTENDING_CLASS_NO, CLASS_NAME, CLASS_TYPE)
VALUES ('C0726200', '054', NULL, '노쇠론1', '전공선택');
INSERT INTO TB_CLASS (CLASS_NO, DEPARTMENT_NO, PREATTENDING_CLASS_NO, CLASS_NAME, CLASS_TYPE)
VALUES ('C0809800', '054', NULL, '담음론', '전공선택');
INSERT INTO TB_CLASS (CLASS_NO, DEPARTMENT_NO, PREATTENDING_CLASS_NO, CLASS_NAME, CLASS_TYPE)
VALUES ('C0817000', '054', NULL, '대사론', '전공선택');
INSERT INTO TB_CLASS (CLASS_NO, DEPARTMENT_NO, PREATTENDING_CLASS_NO, CLASS_NAME, CLASS_TYPE)
VALUES ('C0821800', '054', NULL, '대장병론', '전공선택');
INSERT INTO TB_CLASS (CLASS_NO, DEPARTMENT_NO, PREATTENDING_CLASS_NO, CLASS_NAME, CLASS_TYPE)
VALUES ('C0823000', '054', NULL, '대하병론', '전공선택');
INSERT INTO TB_CLASS (CLASS_NO, DEPARTMENT_NO, PREATTENDING_CLASS_NO, CLASS_NAME, CLASS_TYPE)
VALUES ('C0843300', '054', NULL, '도인추나론', '전공선택');
INSERT INTO TB_CLASS (CLASS_NO, DEPARTMENT_NO, PREATTENDING_CLASS_NO, CLASS_NAME, CLASS_TYPE)
VALUES ('C0867300', '054', NULL, '동서비교병리론', '전공선택');
INSERT INTO TB_CLASS (CLASS_NO, DEPARTMENT_NO, PREATTENDING_CLASS_NO, CLASS_NAME, CLASS_TYPE)
VALUES ('C4844500', '054', NULL, '동의보감의형성과후대에미친영향', '전공선택');
INSERT INTO TB_CLASS (CLASS_NO, DEPARTMENT_NO, PREATTENDING_CLASS_NO, CLASS_NAME, CLASS_TYPE)
VALUES ('C0884900', '054', NULL, '동통론', '전공선택');
INSERT INTO TB_CLASS (CLASS_NO, DEPARTMENT_NO, PREATTENDING_CLASS_NO, CLASS_NAME, CLASS_TYPE)
VALUES ('C1312000', '054', NULL, '발생학', '전공선택');
INSERT INTO TB_CLASS (CLASS_NO, DEPARTMENT_NO, PREATTENDING_CLASS_NO, CLASS_NAME, CLASS_TYPE)
VALUES ('C1320800', '054', NULL, '방광상병론1', '전공선택');
INSERT INTO TB_CLASS (CLASS_NO, DEPARTMENT_NO, PREATTENDING_CLASS_NO, CLASS_NAME, CLASS_TYPE)
VALUES ('C1367300', '054', NULL, '보양론', '전공선택');
INSERT INTO TB_CLASS (CLASS_NO, DEPARTMENT_NO, PREATTENDING_CLASS_NO, CLASS_NAME, CLASS_TYPE)
VALUES ('C1374700', '054', NULL, '복건치료론', '전공선택');
INSERT INTO TB_CLASS (CLASS_NO, DEPARTMENT_NO, PREATTENDING_CLASS_NO, CLASS_NAME, CLASS_TYPE)
VALUES ('C1379600', '054', NULL, '복통론', '전공선택');
INSERT INTO TB_CLASS (CLASS_NO, DEPARTMENT_NO, PREATTENDING_CLASS_NO, CLASS_NAME, CLASS_TYPE)
VALUES ('C1392000', '054', NULL, '부신론1', '전공선택');
INSERT INTO TB_CLASS (CLASS_NO, DEPARTMENT_NO, PREATTENDING_CLASS_NO, CLASS_NAME, CLASS_TYPE)
VALUES ('C1419300', '054', NULL, '분자약리학', '전공선택');
INSERT INTO TB_CLASS (CLASS_NO, DEPARTMENT_NO, PREATTENDING_CLASS_NO, CLASS_NAME, CLASS_TYPE)
VALUES ('C1460800', '054', NULL, '비증론', '전공선택');
INSERT INTO TB_CLASS (CLASS_NO, DEPARTMENT_NO, PREATTENDING_CLASS_NO, CLASS_NAME, CLASS_TYPE)
VALUES ('C1603800', '054', NULL, '사상생리론', '전공선택');
INSERT INTO TB_CLASS (CLASS_NO, DEPARTMENT_NO, PREATTENDING_CLASS_NO, CLASS_NAME, CLASS_TYPE)
VALUES ('C1603801', '054', NULL, '사상생리론', '전공선택');
INSERT INTO TB_CLASS (CLASS_NO, DEPARTMENT_NO, PREATTENDING_CLASS_NO, CLASS_NAME, CLASS_TYPE)
VALUES ('C1759300', '054', NULL, '서의학적스트레스', '전공선택');
INSERT INTO TB_CLASS (CLASS_NO, DEPARTMENT_NO, PREATTENDING_CLASS_NO, CLASS_NAME, CLASS_TYPE)
VALUES ('C1783400', '054', NULL, '성음언어질환론', '전공선택');
INSERT INTO TB_CLASS (CLASS_NO, DEPARTMENT_NO, PREATTENDING_CLASS_NO, CLASS_NAME, CLASS_TYPE)
VALUES ('C1788100', '054', NULL, '성장발육론', '전공선택');
INSERT INTO TB_CLASS (CLASS_NO, DEPARTMENT_NO, PREATTENDING_CLASS_NO, CLASS_NAME, CLASS_TYPE)
VALUES ('C1824900', '054', NULL, '소아설사론', '전공선택');
INSERT INTO TB_CLASS (CLASS_NO, DEPARTMENT_NO, PREATTENDING_CLASS_NO, CLASS_NAME, CLASS_TYPE)
VALUES ('C1826400', '054', NULL, '소아영양학', '전공선택');
INSERT INTO TB_CLASS (CLASS_NO, DEPARTMENT_NO, PREATTENDING_CLASS_NO, CLASS_NAME, CLASS_TYPE)
VALUES ('C1835800', '054', NULL, '소화기계약리학1', '전공선택');
INSERT INTO TB_CLASS (CLASS_NO, DEPARTMENT_NO, PREATTENDING_CLASS_NO, CLASS_NAME, CLASS_TYPE)
VALUES ('C1843600', '054', NULL, '수면장애', '전공선택');
INSERT INTO TB_CLASS (CLASS_NO, DEPARTMENT_NO, PREATTENDING_CLASS_NO, CLASS_NAME, CLASS_TYPE)
VALUES ('C5013400', '054', NULL, '수의경혈학1', '전공선택');
INSERT INTO TB_CLASS (CLASS_NO, DEPARTMENT_NO, PREATTENDING_CLASS_NO, CLASS_NAME, CLASS_TYPE)
VALUES ('C5012900', '054', NULL, '아건강관리론1', '전공선택');
INSERT INTO TB_CLASS (CLASS_NO, DEPARTMENT_NO, PREATTENDING_CLASS_NO, CLASS_NAME, CLASS_TYPE)
VALUES ('C5011900', '054', NULL, '약리학연구세미나', '전공선택');
INSERT INTO TB_CLASS (CLASS_NO, DEPARTMENT_NO, PREATTENDING_CLASS_NO, CLASS_NAME, CLASS_TYPE)
VALUES ('C5012000', '054', NULL, '약리효과탐색론', '전공선택');
INSERT INTO TB_CLASS (CLASS_NO, DEPARTMENT_NO, PREATTENDING_CLASS_NO, CLASS_NAME, CLASS_TYPE)
VALUES ('C5011200', '054', NULL, '약물유전학', '전공선택');
INSERT INTO TB_CLASS (CLASS_NO, DEPARTMENT_NO, PREATTENDING_CLASS_NO, CLASS_NAME, CLASS_TYPE)
VALUES ('C2252100', '054', NULL, '약용진균학', '전공선택');
INSERT INTO TB_CLASS (CLASS_NO, DEPARTMENT_NO, PREATTENDING_CLASS_NO, CLASS_NAME, CLASS_TYPE)
VALUES ('C2424300', '054', NULL, '외장질환론', '전공선택');
INSERT INTO TB_CLASS (CLASS_NO, DEPARTMENT_NO, PREATTENDING_CLASS_NO, CLASS_NAME, CLASS_TYPE)
VALUES ('C2474200', '054', NULL, '위병론', '전공선택');
INSERT INTO TB_CLASS (CLASS_NO, DEPARTMENT_NO, PREATTENDING_CLASS_NO, CLASS_NAME, CLASS_TYPE)
VALUES ('C4503000', '054', NULL, '유용물질 생산학', '전공선택');
INSERT INTO TB_CLASS (CLASS_NO, DEPARTMENT_NO, PREATTENDING_CLASS_NO, CLASS_NAME, CLASS_TYPE)
VALUES ('C5013300', '054', NULL, '유전학과신경과학1', '전공선택');
INSERT INTO TB_CLASS (CLASS_NO, DEPARTMENT_NO, PREATTENDING_CLASS_NO, CLASS_NAME, CLASS_TYPE)
VALUES ('C2530400', '054', NULL, '음식약특강', '전공선택');
INSERT INTO TB_CLASS (CLASS_NO, DEPARTMENT_NO, PREATTENDING_CLASS_NO, CLASS_NAME, CLASS_TYPE)
VALUES ('C2613500', '054', NULL, '인모이치태병론', '전공선택');
INSERT INTO TB_CLASS (CLASS_NO, DEPARTMENT_NO, PREATTENDING_CLASS_NO, CLASS_NAME, CLASS_TYPE)
VALUES ('C5012700', '054', NULL, '임상세미나(2)', '전공선택');
INSERT INTO TB_CLASS (CLASS_NO, DEPARTMENT_NO, PREATTENDING_CLASS_NO, CLASS_NAME, CLASS_TYPE)
VALUES ('C5012800', '054', NULL, '임상자율신경장애1', '전공선택');
INSERT INTO TB_CLASS (CLASS_NO, DEPARTMENT_NO, PREATTENDING_CLASS_NO, CLASS_NAME, CLASS_TYPE)
VALUES ('C5012500', '054', NULL, '임상처방학1', '전공선택');
INSERT INTO TB_CLASS (CLASS_NO, DEPARTMENT_NO, PREATTENDING_CLASS_NO, CLASS_NAME, CLASS_TYPE)
VALUES ('C4844800', '054', NULL, '임상통계1', '전공선택');
INSERT INTO TB_CLASS (CLASS_NO, DEPARTMENT_NO, PREATTENDING_CLASS_NO, CLASS_NAME, CLASS_TYPE)
VALUES ('C2908500', '054', NULL, '자연의학', '전공선택');
INSERT INTO TB_CLASS (CLASS_NO, DEPARTMENT_NO, PREATTENDING_CLASS_NO, CLASS_NAME, CLASS_TYPE)
VALUES ('C2913700', '054', NULL, '자율신경학', '전공선택');
INSERT INTO TB_CLASS (CLASS_NO, DEPARTMENT_NO, PREATTENDING_CLASS_NO, CLASS_NAME, CLASS_TYPE)
VALUES ('C3016000', '054', NULL, '전침요법', '전공선택');
INSERT INTO TB_CLASS (CLASS_NO, DEPARTMENT_NO, PREATTENDING_CLASS_NO, CLASS_NAME, CLASS_TYPE)
VALUES ('C3045900', '054', NULL, '정신약물학', '전공선택');
INSERT INTO TB_CLASS (CLASS_NO, DEPARTMENT_NO, PREATTENDING_CLASS_NO, CLASS_NAME, CLASS_TYPE)
VALUES ('C3084400', '054', NULL, '조경론2', '전공선택');
INSERT INTO TB_CLASS (CLASS_NO, DEPARTMENT_NO, PREATTENDING_CLASS_NO, CLASS_NAME, CLASS_TYPE)
VALUES ('C3204400', '054', NULL, '중추신경계약리학1', '전공선택');
INSERT INTO TB_CLASS (CLASS_NO, DEPARTMENT_NO, PREATTENDING_CLASS_NO, CLASS_NAME, CLASS_TYPE)
VALUES ('C3238400', '054', NULL, '지행론', '전공선택');
INSERT INTO TB_CLASS (CLASS_NO, DEPARTMENT_NO, PREATTENDING_CLASS_NO, CLASS_NAME, CLASS_TYPE)
VALUES ('C3413500', '054', NULL, '천식론1', '전공선택');
INSERT INTO TB_CLASS (CLASS_NO, DEPARTMENT_NO, PREATTENDING_CLASS_NO, CLASS_NAME, CLASS_TYPE)
VALUES ('C3416200', '054', NULL, '천증론', '전공선택');
INSERT INTO TB_CLASS (CLASS_NO, DEPARTMENT_NO, PREATTENDING_CLASS_NO, CLASS_NAME, CLASS_TYPE)
VALUES ('C3458900', '054', NULL, '체질병기', '전공선택');
INSERT INTO TB_CLASS (CLASS_NO, DEPARTMENT_NO, PREATTENDING_CLASS_NO, CLASS_NAME, CLASS_TYPE)
VALUES ('C3524300', '054', NULL, '침구정신과', '전공선택');
INSERT INTO TB_CLASS (CLASS_NO, DEPARTMENT_NO, PREATTENDING_CLASS_NO, CLASS_NAME, CLASS_TYPE)
VALUES ('C3818000', '054', NULL, '폐상증', '전공선택');
INSERT INTO TB_CLASS (CLASS_NO, DEPARTMENT_NO, PREATTENDING_CLASS_NO, CLASS_NAME, CLASS_TYPE)
VALUES ('C3819200', '054', NULL, '폐질환', '전공선택');
INSERT INTO TB_CLASS (CLASS_NO, DEPARTMENT_NO, PREATTENDING_CLASS_NO, CLASS_NAME, CLASS_TYPE)
VALUES ('C3966200', '054', NULL, '한약리학총론2', '전공선택');
INSERT INTO TB_CLASS (CLASS_NO, DEPARTMENT_NO, PREATTENDING_CLASS_NO, CLASS_NAME, CLASS_TYPE)
VALUES ('C3967600', '054', NULL, '한약자원유통학', '전공선택');
INSERT INTO TB_CLASS (CLASS_NO, DEPARTMENT_NO, PREATTENDING_CLASS_NO, CLASS_NAME, CLASS_TYPE)
VALUES ('C5011400', '054', NULL, '한의건강증진론', '전공선택');
INSERT INTO TB_CLASS (CLASS_NO, DEPARTMENT_NO, PREATTENDING_CLASS_NO, CLASS_NAME, CLASS_TYPE)
VALUES ('C5011300', '054', NULL, '한의역학론', '전공선택');
INSERT INTO TB_CLASS (CLASS_NO, DEPARTMENT_NO, PREATTENDING_CLASS_NO, CLASS_NAME, CLASS_TYPE)
VALUES ('C4020000', '054', NULL, '허로증', '전공선택');
INSERT INTO TB_CLASS (CLASS_NO, DEPARTMENT_NO, PREATTENDING_CLASS_NO, CLASS_NAME, CLASS_TYPE)
VALUES ('C4154900', '054', NULL, '황제내경소문2', '전공선택');
INSERT INTO TB_CLASS (CLASS_NO, DEPARTMENT_NO, PREATTENDING_CLASS_NO, CLASS_NAME, CLASS_TYPE)
VALUES ('C0736762', '054', NULL, '논문지도(공개발표)3', '논문지도');
INSERT INTO TB_CLASS (CLASS_NO, DEPARTMENT_NO, PREATTENDING_CLASS_NO, CLASS_NAME, CLASS_TYPE)
VALUES ('C0737062', '054', NULL, '논문지도1', '논문지도');
INSERT INTO TB_CLASS (CLASS_NO, DEPARTMENT_NO, PREATTENDING_CLASS_NO, CLASS_NAME, CLASS_TYPE)
VALUES ('C0737562', '054', NULL, '논문지도2', '논문지도');
INSERT INTO TB_CLASS (CLASS_NO, DEPARTMENT_NO, PREATTENDING_CLASS_NO, CLASS_NAME, CLASS_TYPE)
VALUES ('C0364700', '055', NULL, '구강발생학', '전공필수');
INSERT INTO TB_CLASS (CLASS_NO, DEPARTMENT_NO, PREATTENDING_CLASS_NO, CLASS_NAME, CLASS_TYPE)
VALUES ('C0370300', '055', NULL, '구강악안면방사선학', '전공필수');
INSERT INTO TB_CLASS (CLASS_NO, DEPARTMENT_NO, PREATTENDING_CLASS_NO, CLASS_NAME, CLASS_TYPE)
VALUES ('C5007000', '055', NULL, '구강악안면이식학', '전공필수');
INSERT INTO TB_CLASS (CLASS_NO, DEPARTMENT_NO, PREATTENDING_CLASS_NO, CLASS_NAME, CLASS_TYPE)
VALUES ('C0373000', '055', NULL, '구강악안면종양학', '전공필수');
INSERT INTO TB_CLASS (CLASS_NO, DEPARTMENT_NO, PREATTENDING_CLASS_NO, CLASS_NAME, CLASS_TYPE)
VALUES ('C0378500', '055', NULL, '구강회복학', '전공필수');
INSERT INTO TB_CLASS (CLASS_NO, DEPARTMENT_NO, PREATTENDING_CLASS_NO, CLASS_NAME, CLASS_TYPE)
VALUES ('C0464200', '055', NULL, '근관세균론', '전공필수');
INSERT INTO TB_CLASS (CLASS_NO, DEPARTMENT_NO, PREATTENDING_CLASS_NO, CLASS_NAME, CLASS_TYPE)
VALUES ('C1046600', '055', NULL, '머리목신경해부학', '전공필수');
INSERT INTO TB_CLASS (CLASS_NO, DEPARTMENT_NO, PREATTENDING_CLASS_NO, CLASS_NAME, CLASS_TYPE)
VALUES ('C1357500', '055', NULL, '병원치과학', '전공필수');
INSERT INTO TB_CLASS (CLASS_NO, DEPARTMENT_NO, PREATTENDING_CLASS_NO, CLASS_NAME, CLASS_TYPE)
VALUES ('C1369900', '055', NULL, '보철학연구1', '전공필수');
INSERT INTO TB_CLASS (CLASS_NO, DEPARTMENT_NO, PREATTENDING_CLASS_NO, CLASS_NAME, CLASS_TYPE)
VALUES ('C1400800', '055', NULL, '부정교합치료세미나1', '전공필수');
INSERT INTO TB_CLASS (CLASS_NO, DEPARTMENT_NO, PREATTENDING_CLASS_NO, CLASS_NAME, CLASS_TYPE)
VALUES ('C1428800', '055', NULL, '불소와구강보건', '전공필수');
INSERT INTO TB_CLASS (CLASS_NO, DEPARTMENT_NO, PREATTENDING_CLASS_NO, CLASS_NAME, CLASS_TYPE)
VALUES ('C1796300', '055', NULL, '세균치태학', '전공필수');
INSERT INTO TB_CLASS (CLASS_NO, DEPARTMENT_NO, PREATTENDING_CLASS_NO, CLASS_NAME, CLASS_TYPE)
VALUES ('C1822200', '055', NULL, '소아교정학및실습', '전공필수');
INSERT INTO TB_CLASS (CLASS_NO, DEPARTMENT_NO, PREATTENDING_CLASS_NO, CLASS_NAME, CLASS_TYPE)
VALUES ('C4504700', '055', NULL, '스트레스와 구강질환', '전공필수');
INSERT INTO TB_CLASS (CLASS_NO, DEPARTMENT_NO, PREATTENDING_CLASS_NO, CLASS_NAME, CLASS_TYPE)
VALUES ('C2019500', '055', NULL, '심미치과학', '전공필수');
INSERT INTO TB_CLASS (CLASS_NO, DEPARTMENT_NO, PREATTENDING_CLASS_NO, CLASS_NAME, CLASS_TYPE)
VALUES ('C2220900', '055', NULL, '악안면특수방사선촬영법및판독', '전공필수');
INSERT INTO TB_CLASS (CLASS_NO, DEPARTMENT_NO, PREATTENDING_CLASS_NO, CLASS_NAME, CLASS_TYPE)
VALUES ('C2224900', '055', NULL, '안면형태와성장론', '전공필수');
INSERT INTO TB_CLASS (CLASS_NO, DEPARTMENT_NO, PREATTENDING_CLASS_NO, CLASS_NAME, CLASS_TYPE)
VALUES ('C2401400', '055', NULL, '예방치주과학', '전공필수');
INSERT INTO TB_CLASS (CLASS_NO, DEPARTMENT_NO, PREATTENDING_CLASS_NO, CLASS_NAME, CLASS_TYPE)
VALUES ('C2414400', '055', NULL, '외과적교정학', '전공필수');
INSERT INTO TB_CLASS (CLASS_NO, DEPARTMENT_NO, PREATTENDING_CLASS_NO, CLASS_NAME, CLASS_TYPE)
VALUES ('C2969800', '055', NULL, '전기생리학', '전공필수');
INSERT INTO TB_CLASS (CLASS_NO, DEPARTMENT_NO, PREATTENDING_CLASS_NO, CLASS_NAME, CLASS_TYPE)
VALUES ('C5006900', '055', NULL, '치과분자약리학', '전공필수');
INSERT INTO TB_CLASS (CLASS_NO, DEPARTMENT_NO, PREATTENDING_CLASS_NO, CLASS_NAME, CLASS_TYPE)
VALUES ('C3499800', '055', NULL, '치과세포생물학', '전공필수');
INSERT INTO TB_CLASS (CLASS_NO, DEPARTMENT_NO, PREATTENDING_CLASS_NO, CLASS_NAME, CLASS_TYPE)
VALUES ('C3503400', '055', NULL, '치과인상론', '전공필수');
INSERT INTO TB_CLASS (CLASS_NO, DEPARTMENT_NO, PREATTENDING_CLASS_NO, CLASS_NAME, CLASS_TYPE)
VALUES ('C3519600', '055', NULL, '치주질환', '전공필수');
INSERT INTO TB_CLASS (CLASS_NO, DEPARTMENT_NO, PREATTENDING_CLASS_NO, CLASS_NAME, CLASS_TYPE)
VALUES ('C3519900', '055', NULL, '치주치료학', '전공필수');
INSERT INTO TB_CLASS (CLASS_NO, DEPARTMENT_NO, PREATTENDING_CLASS_NO, CLASS_NAME, CLASS_TYPE)
VALUES ('C4001200', '055', NULL, '핵산생화학', '전공필수');
INSERT INTO TB_CLASS (CLASS_NO, DEPARTMENT_NO, PREATTENDING_CLASS_NO, CLASS_NAME, CLASS_TYPE)
VALUES ('C3519300', '055', NULL, '치주조직재생론', '전공선택');
INSERT INTO TB_CLASS (CLASS_NO, DEPARTMENT_NO, PREATTENDING_CLASS_NO, CLASS_NAME, CLASS_TYPE)
VALUES ('C0736763', '055', NULL, '논문지도(공개발표)3', '논문지도');
INSERT INTO TB_CLASS (CLASS_NO, DEPARTMENT_NO, PREATTENDING_CLASS_NO, CLASS_NAME, CLASS_TYPE)
VALUES ('C0737063', '055', NULL, '논문지도1', '논문지도');
INSERT INTO TB_CLASS (CLASS_NO, DEPARTMENT_NO, PREATTENDING_CLASS_NO, CLASS_NAME, CLASS_TYPE)
VALUES ('C0737563', '055', NULL, '논문지도2', '논문지도');
INSERT INTO TB_CLASS (CLASS_NO, DEPARTMENT_NO, PREATTENDING_CLASS_NO, CLASS_NAME, CLASS_TYPE)
VALUES ('C4231600', '056', NULL, '고급조형연습(회화)', '전공필수');
INSERT INTO TB_CLASS (CLASS_NO, DEPARTMENT_NO, PREATTENDING_CLASS_NO, CLASS_NAME, CLASS_TYPE)
VALUES ('C0888900', '056', NULL, '드로잉', '전공필수');
INSERT INTO TB_CLASS (CLASS_NO, DEPARTMENT_NO, PREATTENDING_CLASS_NO, CLASS_NAME, CLASS_TYPE)
VALUES ('C4430200', '056', NULL, '미술시장,경영론', '전공필수');
INSERT INTO TB_CLASS (CLASS_NO, DEPARTMENT_NO, PREATTENDING_CLASS_NO, CLASS_NAME, CLASS_TYPE)
VALUES ('C1302000', '056', NULL, '박물관.미술관학', '전공필수');
INSERT INTO TB_CLASS (CLASS_NO, DEPARTMENT_NO, PREATTENDING_CLASS_NO, CLASS_NAME, CLASS_TYPE)
VALUES ('C4237100', '056', NULL, '복합매체표현연습', '전공필수');
INSERT INTO TB_CLASS (CLASS_NO, DEPARTMENT_NO, PREATTENDING_CLASS_NO, CLASS_NAME, CLASS_TYPE)
VALUES ('C1379900', '056', NULL, '복합매체표현연습2(조소)', '전공필수');
INSERT INTO TB_CLASS (CLASS_NO, DEPARTMENT_NO, PREATTENDING_CLASS_NO, CLASS_NAME, CLASS_TYPE)
VALUES ('C4430400', '056', NULL, '수묵채색기법연구1', '전공필수');
INSERT INTO TB_CLASS (CLASS_NO, DEPARTMENT_NO, PREATTENDING_CLASS_NO, CLASS_NAME, CLASS_TYPE)
VALUES ('C4430500', '056', NULL, '수묵채색기법연구2', '전공필수');
INSERT INTO TB_CLASS (CLASS_NO, DEPARTMENT_NO, PREATTENDING_CLASS_NO, CLASS_NAME, CLASS_TYPE)
VALUES ('C3107100', '056', NULL, '조소실기1', '전공필수');
INSERT INTO TB_CLASS (CLASS_NO, DEPARTMENT_NO, PREATTENDING_CLASS_NO, CLASS_NAME, CLASS_TYPE)
VALUES ('C3403800', '056', NULL, '창작비평실기2', '전공필수');
INSERT INTO TB_CLASS (CLASS_NO, DEPARTMENT_NO, PREATTENDING_CLASS_NO, CLASS_NAME, CLASS_TYPE)
VALUES ('C4249800', '056', NULL, '한국근현대미술론', '전공필수');
INSERT INTO TB_CLASS (CLASS_NO, DEPARTMENT_NO, PREATTENDING_CLASS_NO, CLASS_NAME, CLASS_TYPE)
VALUES ('C4251200', '056', NULL, '회화재료연습', '전공필수');
INSERT INTO TB_CLASS (CLASS_NO, DEPARTMENT_NO, PREATTENDING_CLASS_NO, CLASS_NAME, CLASS_TYPE)
VALUES ('C0736764', '056', NULL, '논문지도(공개발표)3', '논문지도');
INSERT INTO TB_CLASS (CLASS_NO, DEPARTMENT_NO, PREATTENDING_CLASS_NO, CLASS_NAME, CLASS_TYPE)
VALUES ('C0737064', '056', NULL, '논문지도1', '논문지도');
INSERT INTO TB_CLASS (CLASS_NO, DEPARTMENT_NO, PREATTENDING_CLASS_NO, CLASS_NAME, CLASS_TYPE)
VALUES ('C0737564', '056', NULL, '논문지도2', '논문지도');
INSERT INTO TB_CLASS (CLASS_NO, DEPARTMENT_NO, PREATTENDING_CLASS_NO, CLASS_NAME, CLASS_TYPE)
VALUES ('C0736000', '057', NULL, '논문작성법연구', '전공필수');
INSERT INTO TB_CLASS (CLASS_NO, DEPARTMENT_NO, PREATTENDING_CLASS_NO, CLASS_NAME, CLASS_TYPE)
VALUES ('C2225400', '057', NULL, '안무법연구3', '전공필수');
INSERT INTO TB_CLASS (CLASS_NO, DEPARTMENT_NO, PREATTENDING_CLASS_NO, CLASS_NAME, CLASS_TYPE)
VALUES ('C2225401', '057', NULL, '안무법연구3', '전공필수');
INSERT INTO TB_CLASS (CLASS_NO, DEPARTMENT_NO, PREATTENDING_CLASS_NO, CLASS_NAME, CLASS_TYPE)
VALUES ('C2225402', '057', NULL, '안무법연구3', '전공필수');
INSERT INTO TB_CLASS (CLASS_NO, DEPARTMENT_NO, PREATTENDING_CLASS_NO, CLASS_NAME, CLASS_TYPE)
VALUES ('C0872200', '057', NULL, '동양무용사', '전공선택');
INSERT INTO TB_CLASS (CLASS_NO, DEPARTMENT_NO, PREATTENDING_CLASS_NO, CLASS_NAME, CLASS_TYPE)
VALUES ('C1057400', '057', NULL, '명작무실습', '전공선택');
INSERT INTO TB_CLASS (CLASS_NO, DEPARTMENT_NO, PREATTENDING_CLASS_NO, CLASS_NAME, CLASS_TYPE)
VALUES ('C1097200', '057', NULL, '무용철학OR미학', '전공선택');
INSERT INTO TB_CLASS (CLASS_NO, DEPARTMENT_NO, PREATTENDING_CLASS_NO, CLASS_NAME, CLASS_TYPE)
VALUES ('C1166600', '057', NULL, '민속무용연구', '전공선택');
INSERT INTO TB_CLASS (CLASS_NO, DEPARTMENT_NO, PREATTENDING_CLASS_NO, CLASS_NAME, CLASS_TYPE)
VALUES ('C1311300', '057', NULL, '발레워크샵', '전공선택');
INSERT INTO TB_CLASS (CLASS_NO, DEPARTMENT_NO, PREATTENDING_CLASS_NO, CLASS_NAME, CLASS_TYPE)
VALUES ('C4032200', '057', NULL, '현대무용세미나', '전공선택');
INSERT INTO TB_CLASS (CLASS_NO, DEPARTMENT_NO, PREATTENDING_CLASS_NO, CLASS_NAME, CLASS_TYPE)
VALUES ('C0736765', '057', NULL, '논문지도(공개발표)3', '논문지도');
INSERT INTO TB_CLASS (CLASS_NO, DEPARTMENT_NO, PREATTENDING_CLASS_NO, CLASS_NAME, CLASS_TYPE)
VALUES ('C0737065', '057', NULL, '논문지도1', '논문지도');
INSERT INTO TB_CLASS (CLASS_NO, DEPARTMENT_NO, PREATTENDING_CLASS_NO, CLASS_NAME, CLASS_TYPE)
VALUES ('C0737565', '057', NULL, '논문지도2', '논문지도');
INSERT INTO TB_CLASS (CLASS_NO, DEPARTMENT_NO, PREATTENDING_CLASS_NO, CLASS_NAME, CLASS_TYPE)
VALUES ('C4865800', '058', NULL, '공연예술세미나3', '전공선택');
INSERT INTO TB_CLASS (CLASS_NO, DEPARTMENT_NO, PREATTENDING_CLASS_NO, CLASS_NAME, CLASS_TYPE)
VALUES ('C5010900', '058', NULL, '공연예술저널리즘', '전공선택');
INSERT INTO TB_CLASS (CLASS_NO, DEPARTMENT_NO, PREATTENDING_CLASS_NO, CLASS_NAME, CLASS_TYPE)
VALUES ('C5010800', '058', NULL, '공연예술프로덕션 매니지먼트', '전공선택');
INSERT INTO TB_CLASS (CLASS_NO, DEPARTMENT_NO, PREATTENDING_CLASS_NO, CLASS_NAME, CLASS_TYPE)
VALUES ('C4660000', '058', NULL, '무용기능학', '전공선택');
INSERT INTO TB_CLASS (CLASS_NO, DEPARTMENT_NO, PREATTENDING_CLASS_NO, CLASS_NAME, CLASS_TYPE)
VALUES ('C4505100', '058', NULL, '무용작품분석', '전공선택');
INSERT INTO TB_CLASS (CLASS_NO, DEPARTMENT_NO, PREATTENDING_CLASS_NO, CLASS_NAME, CLASS_TYPE)
VALUES ('C5011000', '058', NULL, '문화교육과 예술교육', '전공선택');
INSERT INTO TB_CLASS (CLASS_NO, DEPARTMENT_NO, PREATTENDING_CLASS_NO, CLASS_NAME, CLASS_TYPE)
VALUES ('C0736766', '058', NULL, '논문지도(공개발표)3', '논문지도');
INSERT INTO TB_CLASS (CLASS_NO, DEPARTMENT_NO, PREATTENDING_CLASS_NO, CLASS_NAME, CLASS_TYPE)
VALUES ('C0737066', '058', NULL, '논문지도1', '논문지도');
INSERT INTO TB_CLASS (CLASS_NO, DEPARTMENT_NO, PREATTENDING_CLASS_NO, CLASS_NAME, CLASS_TYPE)
VALUES ('C0737566', '058', NULL, '논문지도2', '논문지도');
INSERT INTO TB_CLASS (CLASS_NO, DEPARTMENT_NO, PREATTENDING_CLASS_NO, CLASS_NAME, CLASS_TYPE)
VALUES ('C0027000', '059', NULL, 'CELLO실기2', '전공필수');
INSERT INTO TB_CLASS (CLASS_NO, DEPARTMENT_NO, PREATTENDING_CLASS_NO, CLASS_NAME, CLASS_TYPE)
VALUES ('C0031400', '059', NULL, 'FLUTE실기2', '전공필수');
INSERT INTO TB_CLASS (CLASS_NO, DEPARTMENT_NO, PREATTENDING_CLASS_NO, CLASS_NAME, CLASS_TYPE)
VALUES ('C0045700', '059', NULL, 'PIANO실기1', '전공필수');
INSERT INTO TB_CLASS (CLASS_NO, DEPARTMENT_NO, PREATTENDING_CLASS_NO, CLASS_NAME, CLASS_TYPE)
VALUES ('C0045701', '059', NULL, 'PIANO실기1', '전공필수');
INSERT INTO TB_CLASS (CLASS_NO, DEPARTMENT_NO, PREATTENDING_CLASS_NO, CLASS_NAME, CLASS_TYPE)
VALUES ('C0045800', '059', NULL, 'PIANO실기2', '전공필수');
INSERT INTO TB_CLASS (CLASS_NO, DEPARTMENT_NO, PREATTENDING_CLASS_NO, CLASS_NAME, CLASS_TYPE)
VALUES ('C0045801', '059', NULL, 'PIANO실기2', '전공필수');
INSERT INTO TB_CLASS (CLASS_NO, DEPARTMENT_NO, PREATTENDING_CLASS_NO, CLASS_NAME, CLASS_TYPE)
VALUES ('C0045802', '059', NULL, 'PIANO실기2', '전공필수');
INSERT INTO TB_CLASS (CLASS_NO, DEPARTMENT_NO, PREATTENDING_CLASS_NO, CLASS_NAME, CLASS_TYPE)
VALUES ('C0045803', '059', NULL, 'PIANO실기2', '전공필수');
INSERT INTO TB_CLASS (CLASS_NO, DEPARTMENT_NO, PREATTENDING_CLASS_NO, CLASS_NAME, CLASS_TYPE)
VALUES ('C0045804', '059', NULL, 'PIANO실기2', '전공필수');
INSERT INTO TB_CLASS (CLASS_NO, DEPARTMENT_NO, PREATTENDING_CLASS_NO, CLASS_NAME, CLASS_TYPE)
VALUES ('C0045805', '059', NULL, 'PIANO실기2', '전공필수');
INSERT INTO TB_CLASS (CLASS_NO, DEPARTMENT_NO, PREATTENDING_CLASS_NO, CLASS_NAME, CLASS_TYPE)
VALUES ('C0045806', '059', NULL, 'PIANO실기2', '전공필수');
INSERT INTO TB_CLASS (CLASS_NO, DEPARTMENT_NO, PREATTENDING_CLASS_NO, CLASS_NAME, CLASS_TYPE)
VALUES ('C0045807', '059', NULL, 'PIANO실기2', '전공필수');
INSERT INTO TB_CLASS (CLASS_NO, DEPARTMENT_NO, PREATTENDING_CLASS_NO, CLASS_NAME, CLASS_TYPE)
VALUES ('C0045900', '059', NULL, 'PIANO실기3', '전공필수');
INSERT INTO TB_CLASS (CLASS_NO, DEPARTMENT_NO, PREATTENDING_CLASS_NO, CLASS_NAME, CLASS_TYPE)
VALUES ('C0045901', '059', NULL, 'PIANO실기3', '전공필수');
INSERT INTO TB_CLASS (CLASS_NO, DEPARTMENT_NO, PREATTENDING_CLASS_NO, CLASS_NAME, CLASS_TYPE)
VALUES ('C0045902', '059', NULL, 'PIANO실기3', '전공필수');
INSERT INTO TB_CLASS (CLASS_NO, DEPARTMENT_NO, PREATTENDING_CLASS_NO, CLASS_NAME, CLASS_TYPE)
VALUES ('C0045903', '059', NULL, 'PIANO실기3', '전공필수');
INSERT INTO TB_CLASS (CLASS_NO, DEPARTMENT_NO, PREATTENDING_CLASS_NO, CLASS_NAME, CLASS_TYPE)
VALUES ('C0045904', '059', NULL, 'PIANO실기3', '전공필수');
INSERT INTO TB_CLASS (CLASS_NO, DEPARTMENT_NO, PREATTENDING_CLASS_NO, CLASS_NAME, CLASS_TYPE)
VALUES ('C0045905', '059', NULL, 'PIANO실기3', '전공필수');
INSERT INTO TB_CLASS (CLASS_NO, DEPARTMENT_NO, PREATTENDING_CLASS_NO, CLASS_NAME, CLASS_TYPE)
VALUES ('C0045906', '059', NULL, 'PIANO실기3', '전공필수');
INSERT INTO TB_CLASS (CLASS_NO, DEPARTMENT_NO, PREATTENDING_CLASS_NO, CLASS_NAME, CLASS_TYPE)
VALUES ('C0045907', '059', NULL, 'PIANO실기3', '전공필수');
INSERT INTO TB_CLASS (CLASS_NO, DEPARTMENT_NO, PREATTENDING_CLASS_NO, CLASS_NAME, CLASS_TYPE)
VALUES ('C4972600', '059', NULL, 'SAXOPHONE실기2', '전공필수');
INSERT INTO TB_CLASS (CLASS_NO, DEPARTMENT_NO, PREATTENDING_CLASS_NO, CLASS_NAME, CLASS_TYPE)
VALUES ('C0052300', '059', NULL, 'VIOLIN실기2', '전공필수');
INSERT INTO TB_CLASS (CLASS_NO, DEPARTMENT_NO, PREATTENDING_CLASS_NO, CLASS_NAME, CLASS_TYPE)
VALUES ('C4845200', '059', NULL, '멀티미디어실기2', '전공필수');
INSERT INTO TB_CLASS (CLASS_NO, DEPARTMENT_NO, PREATTENDING_CLASS_NO, CLASS_NAME, CLASS_TYPE)
VALUES ('C4845201', '059', NULL, '멀티미디어실기2', '전공필수');
INSERT INTO TB_CLASS (CLASS_NO, DEPARTMENT_NO, PREATTENDING_CLASS_NO, CLASS_NAME, CLASS_TYPE)
VALUES ('C4845202', '059', NULL, '멀티미디어실기2', '전공필수');
INSERT INTO TB_CLASS (CLASS_NO, DEPARTMENT_NO, PREATTENDING_CLASS_NO, CLASS_NAME, CLASS_TYPE)
VALUES ('C4661300', '059', NULL, '멀티미디어전공1', '전공필수');
INSERT INTO TB_CLASS (CLASS_NO, DEPARTMENT_NO, PREATTENDING_CLASS_NO, CLASS_NAME, CLASS_TYPE)
VALUES ('C4661301', '059', NULL, '멀티미디어전공1', '전공필수');
INSERT INTO TB_CLASS (CLASS_NO, DEPARTMENT_NO, PREATTENDING_CLASS_NO, CLASS_NAME, CLASS_TYPE)
VALUES ('C4661302', '059', NULL, '멀티미디어전공1', '전공필수');
INSERT INTO TB_CLASS (CLASS_NO, DEPARTMENT_NO, PREATTENDING_CLASS_NO, CLASS_NAME, CLASS_TYPE)
VALUES ('C4505800', '059', NULL, '반주실기 2', '전공필수');
INSERT INTO TB_CLASS (CLASS_NO, DEPARTMENT_NO, PREATTENDING_CLASS_NO, CLASS_NAME, CLASS_TYPE)
VALUES ('C1780300', '059', NULL, '성악실기2', '전공필수');
INSERT INTO TB_CLASS (CLASS_NO, DEPARTMENT_NO, PREATTENDING_CLASS_NO, CLASS_NAME, CLASS_TYPE)
VALUES ('C1780301', '059', NULL, '성악실기2', '전공필수');
INSERT INTO TB_CLASS (CLASS_NO, DEPARTMENT_NO, PREATTENDING_CLASS_NO, CLASS_NAME, CLASS_TYPE)
VALUES ('C1780302', '059', NULL, '성악실기2', '전공필수');
INSERT INTO TB_CLASS (CLASS_NO, DEPARTMENT_NO, PREATTENDING_CLASS_NO, CLASS_NAME, CLASS_TYPE)
VALUES ('C1780303', '059', NULL, '성악실기2', '전공필수');
INSERT INTO TB_CLASS (CLASS_NO, DEPARTMENT_NO, PREATTENDING_CLASS_NO, CLASS_NAME, CLASS_TYPE)
VALUES ('C1780700', '059', NULL, '성악실기3', '전공필수');
INSERT INTO TB_CLASS (CLASS_NO, DEPARTMENT_NO, PREATTENDING_CLASS_NO, CLASS_NAME, CLASS_TYPE)
VALUES ('C1780701', '059', NULL, '성악실기3', '전공필수');
INSERT INTO TB_CLASS (CLASS_NO, DEPARTMENT_NO, PREATTENDING_CLASS_NO, CLASS_NAME, CLASS_TYPE)
VALUES ('C2916900', '059', NULL, '작곡실기2', '전공필수');
INSERT INTO TB_CLASS (CLASS_NO, DEPARTMENT_NO, PREATTENDING_CLASS_NO, CLASS_NAME, CLASS_TYPE)
VALUES ('C2917500', '059', NULL, '작곡실기3', '전공필수');
INSERT INTO TB_CLASS (CLASS_NO, DEPARTMENT_NO, PREATTENDING_CLASS_NO, CLASS_NAME, CLASS_TYPE)
VALUES ('C0009800', '059', NULL, '20C음악기법', '전공선택');
INSERT INTO TB_CLASS (CLASS_NO, DEPARTMENT_NO, PREATTENDING_CLASS_NO, CLASS_NAME, CLASS_TYPE)
VALUES ('C5007500', '059', NULL, '논문작성법1', '전공선택');
INSERT INTO TB_CLASS (CLASS_NO, DEPARTMENT_NO, PREATTENDING_CLASS_NO, CLASS_NAME, CLASS_TYPE)
VALUES ('C4626500', '059', NULL, '미디오케스트레이션1', '전공선택');
INSERT INTO TB_CLASS (CLASS_NO, DEPARTMENT_NO, PREATTENDING_CLASS_NO, CLASS_NAME, CLASS_TYPE)
VALUES ('C5007400', '059', NULL, '바로크음악사', '전공선택');
INSERT INTO TB_CLASS (CLASS_NO, DEPARTMENT_NO, PREATTENDING_CLASS_NO, CLASS_NAME, CLASS_TYPE)
VALUES ('C5007300', '059', NULL, '반주문헌2', '전공선택');
INSERT INTO TB_CLASS (CLASS_NO, DEPARTMENT_NO, PREATTENDING_CLASS_NO, CLASS_NAME, CLASS_TYPE)
VALUES ('C4975200', '059', NULL, '성악특수연구3-예술가곡연구', '전공선택');
INSERT INTO TB_CLASS (CLASS_NO, DEPARTMENT_NO, PREATTENDING_CLASS_NO, CLASS_NAME, CLASS_TYPE)
VALUES ('C5007700', '059', NULL, '실내악실습2', '전공선택');
INSERT INTO TB_CLASS (CLASS_NO, DEPARTMENT_NO, PREATTENDING_CLASS_NO, CLASS_NAME, CLASS_TYPE)
VALUES ('C3104200', '059', NULL, '조성음악분석론', '전공선택');
INSERT INTO TB_CLASS (CLASS_NO, DEPARTMENT_NO, PREATTENDING_CLASS_NO, CLASS_NAME, CLASS_TYPE)
VALUES ('C5007200', '059', NULL, '피아노연주법세미나', '전공선택');
INSERT INTO TB_CLASS (CLASS_NO, DEPARTMENT_NO, PREATTENDING_CLASS_NO, CLASS_NAME, CLASS_TYPE)
VALUES ('C0736767', '059', NULL, '논문지도(공개발표)3', '논문지도');
INSERT INTO TB_CLASS (CLASS_NO, DEPARTMENT_NO, PREATTENDING_CLASS_NO, CLASS_NAME, CLASS_TYPE)
VALUES ('C0737067', '059', NULL, '논문지도1', '논문지도');
INSERT INTO TB_CLASS (CLASS_NO, DEPARTMENT_NO, PREATTENDING_CLASS_NO, CLASS_NAME, CLASS_TYPE)
VALUES ('C0737567', '059', NULL, '논문지도2', '논문지도');
INSERT INTO TB_CLASS (CLASS_NO, DEPARTMENT_NO, PREATTENDING_CLASS_NO, CLASS_NAME, CLASS_TYPE)
VALUES ('C0840800', '060', NULL, '도예기법연구', '전공선택');
INSERT INTO TB_CLASS (CLASS_NO, DEPARTMENT_NO, PREATTENDING_CLASS_NO, CLASS_NAME, CLASS_TYPE)
VALUES ('C2927300', '060', NULL, '작품세미나', '전공선택');
INSERT INTO TB_CLASS (CLASS_NO, DEPARTMENT_NO, PREATTENDING_CLASS_NO, CLASS_NAME, CLASS_TYPE)
VALUES ('C2933000', '060', NULL, '장식기법연구', '전공선택');
INSERT INTO TB_CLASS (CLASS_NO, DEPARTMENT_NO, PREATTENDING_CLASS_NO, CLASS_NAME, CLASS_TYPE)
VALUES ('C3118100', '060', NULL, '조형도예연구', '전공선택');
INSERT INTO TB_CLASS (CLASS_NO, DEPARTMENT_NO, PREATTENDING_CLASS_NO, CLASS_NAME, CLASS_TYPE)
VALUES ('C0736717', '060', NULL, '논문지도(공개발표)3', '논문지도');
INSERT INTO TB_CLASS (CLASS_NO, DEPARTMENT_NO, PREATTENDING_CLASS_NO, CLASS_NAME, CLASS_TYPE)
VALUES ('C0737017', '060', NULL, '논문지도1', '논문지도');
INSERT INTO TB_CLASS (CLASS_NO, DEPARTMENT_NO, PREATTENDING_CLASS_NO, CLASS_NAME, CLASS_TYPE)
VALUES ('C0737517', '060', NULL, '논문지도2', '논문지도');
INSERT INTO TB_CLASS (CLASS_NO, DEPARTMENT_NO, PREATTENDING_CLASS_NO, CLASS_NAME, CLASS_TYPE)
VALUES ('C0262800', '061', NULL, '공간디자인', '전공선택');
INSERT INTO TB_CLASS (CLASS_NO, DEPARTMENT_NO, PREATTENDING_CLASS_NO, CLASS_NAME, CLASS_TYPE)
VALUES ('C0896000', '061', NULL, '디자인조형론', '전공선택');
INSERT INTO TB_CLASS (CLASS_NO, DEPARTMENT_NO, PREATTENDING_CLASS_NO, CLASS_NAME, CLASS_TYPE)
VALUES ('C0896600', '061', NULL, '디자인평가론', '전공선택');
INSERT INTO TB_CLASS (CLASS_NO, DEPARTMENT_NO, PREATTENDING_CLASS_NO, CLASS_NAME, CLASS_TYPE)
VALUES ('C1048400', '061', NULL, '멀티미디어연구', '전공선택');
INSERT INTO TB_CLASS (CLASS_NO, DEPARTMENT_NO, PREATTENDING_CLASS_NO, CLASS_NAME, CLASS_TYPE)
VALUES ('C3701300', '061', NULL, '타이포그래피', '전공선택');
INSERT INTO TB_CLASS (CLASS_NO, DEPARTMENT_NO, PREATTENDING_CLASS_NO, CLASS_NAME, CLASS_TYPE)
VALUES ('C0736725', '061', NULL, '논문지도(공개발표)3', '논문지도');
INSERT INTO TB_CLASS (CLASS_NO, DEPARTMENT_NO, PREATTENDING_CLASS_NO, CLASS_NAME, CLASS_TYPE)
VALUES ('C0737025', '061', NULL, '논문지도1', '논문지도');
INSERT INTO TB_CLASS (CLASS_NO, DEPARTMENT_NO, PREATTENDING_CLASS_NO, CLASS_NAME, CLASS_TYPE)
VALUES ('C0737525', '061', NULL, '논문지도2', '논문지도');
INSERT INTO TB_CLASS (CLASS_NO, DEPARTMENT_NO, PREATTENDING_CLASS_NO, CLASS_NAME, CLASS_TYPE)
VALUES ('C4590700', '062', NULL, '디자인색채연구', '전공필수');
INSERT INTO TB_CLASS (CLASS_NO, DEPARTMENT_NO, PREATTENDING_CLASS_NO, CLASS_NAME, CLASS_TYPE)
VALUES ('C4552800', '062', NULL, '공예창작연구', '전공선택');
INSERT INTO TB_CLASS (CLASS_NO, DEPARTMENT_NO, PREATTENDING_CLASS_NO, CLASS_NAME, CLASS_TYPE)
VALUES ('C4552900', '062', NULL, '기업이미지디자인연구', '전공선택');
INSERT INTO TB_CLASS (CLASS_NO, DEPARTMENT_NO, PREATTENDING_CLASS_NO, CLASS_NAME, CLASS_TYPE)
VALUES ('C4553100', '062', NULL, '산업디자인스튜디오I', '전공선택');
INSERT INTO TB_CLASS (CLASS_NO, DEPARTMENT_NO, PREATTENDING_CLASS_NO, CLASS_NAME, CLASS_TYPE)
VALUES ('C4553000', '062', NULL, '일러스트레이션분석', '전공선택');
INSERT INTO TB_CLASS (CLASS_NO, DEPARTMENT_NO, PREATTENDING_CLASS_NO, CLASS_NAME, CLASS_TYPE)
VALUES ('C4552700', '062', NULL, '현대도자표현세미나', '전공선택');
INSERT INTO TB_CLASS (CLASS_NO, DEPARTMENT_NO, PREATTENDING_CLASS_NO, CLASS_NAME, CLASS_TYPE)
VALUES ('C4135400', '062', NULL, '환경디자인특론', '전공선택');
INSERT INTO TB_CLASS (CLASS_NO, DEPARTMENT_NO, PREATTENDING_CLASS_NO, CLASS_NAME, CLASS_TYPE)
VALUES ('C3438400', '063', NULL, '체육문화사연구', '전공필수');
INSERT INTO TB_CLASS (CLASS_NO, DEPARTMENT_NO, PREATTENDING_CLASS_NO, CLASS_NAME, CLASS_TYPE)
VALUES ('C3440800', '063', NULL, '체육생리학연구', '전공필수');
INSERT INTO TB_CLASS (CLASS_NO, DEPARTMENT_NO, PREATTENDING_CLASS_NO, CLASS_NAME, CLASS_TYPE)
VALUES ('C1139500', '063', NULL, '미디어스포츠와대중매체론', '전공선택');
INSERT INTO TB_CLASS (CLASS_NO, DEPARTMENT_NO, PREATTENDING_CLASS_NO, CLASS_NAME, CLASS_TYPE)
VALUES ('C4656900', '063', NULL, '발육발달연구', '전공선택');
INSERT INTO TB_CLASS (CLASS_NO, DEPARTMENT_NO, PREATTENDING_CLASS_NO, CLASS_NAME, CLASS_TYPE)
VALUES ('C1629600', '063', NULL, '사회조사분석론', '전공선택');
INSERT INTO TB_CLASS (CLASS_NO, DEPARTMENT_NO, PREATTENDING_CLASS_NO, CLASS_NAME, CLASS_TYPE)
VALUES ('C1721700', '063', NULL, '생화학실험법', '전공선택');
INSERT INTO TB_CLASS (CLASS_NO, DEPARTMENT_NO, PREATTENDING_CLASS_NO, CLASS_NAME, CLASS_TYPE)
VALUES ('C1875600', '063', NULL, '스포츠경영학연구', '전공선택');
INSERT INTO TB_CLASS (CLASS_NO, DEPARTMENT_NO, PREATTENDING_CLASS_NO, CLASS_NAME, CLASS_TYPE)
VALUES ('C4656800', '063', NULL, '스포츠산업연구', '전공선택');
INSERT INTO TB_CLASS (CLASS_NO, DEPARTMENT_NO, PREATTENDING_CLASS_NO, CLASS_NAME, CLASS_TYPE)
VALUES ('C1883300', '063', NULL, '스포츠세미나', '전공선택');
INSERT INTO TB_CLASS (CLASS_NO, DEPARTMENT_NO, PREATTENDING_CLASS_NO, CLASS_NAME, CLASS_TYPE)
VALUES ('C4657100', '063', NULL, '스포츠한의학연구', '전공선택');
INSERT INTO TB_CLASS (CLASS_NO, DEPARTMENT_NO, PREATTENDING_CLASS_NO, CLASS_NAME, CLASS_TYPE)
VALUES ('C2440600', '063', NULL, '운동처방연구', '전공선택');
INSERT INTO TB_CLASS (CLASS_NO, DEPARTMENT_NO, PREATTENDING_CLASS_NO, CLASS_NAME, CLASS_TYPE)
VALUES ('C3436800', '063', NULL, '체육교수법연구', '전공선택');
INSERT INTO TB_CLASS (CLASS_NO, DEPARTMENT_NO, PREATTENDING_CLASS_NO, CLASS_NAME, CLASS_TYPE)
VALUES ('C3989500', '063', NULL, '해부학실험', '전공선택');
INSERT INTO TB_CLASS (CLASS_NO, DEPARTMENT_NO, PREATTENDING_CLASS_NO, CLASS_NAME, CLASS_TYPE)
VALUES ('C4657000', '063', NULL, '환경생리학연구', '전공선택');
INSERT INTO TB_CLASS (CLASS_NO, DEPARTMENT_NO, PREATTENDING_CLASS_NO, CLASS_NAME, CLASS_TYPE)
VALUES ('C0736726', '063', NULL, '논문지도(공개발표)3', '논문지도');
INSERT INTO TB_CLASS (CLASS_NO, DEPARTMENT_NO, PREATTENDING_CLASS_NO, CLASS_NAME, CLASS_TYPE)
VALUES ('C0737026', '063', NULL, '논문지도1', '논문지도');
INSERT INTO TB_CLASS (CLASS_NO, DEPARTMENT_NO, PREATTENDING_CLASS_NO, CLASS_NAME, CLASS_TYPE)
VALUES ('C0737526', '063', NULL, '논문지도2', '논문지도');
COMMIT;
prompt 882 records loaded
prompt Loading TB_PROFESSOR...
INSERT INTO TB_PROFESSOR (PROFESSOR_NO, PROFESSOR_NAME, PROFESSOR_SSN, PROFESSOR_ADDRESS, DEPARTMENT_NO)
VALUES ('P001', '김진영', '500530-1102646', '서울시 강서구 등촌1동 대동아파트103-704', '052');
INSERT INTO TB_PROFESSOR (PROFESSOR_NO, PROFESSOR_NAME, PROFESSOR_SSN, PROFESSOR_ADDRESS, DEPARTMENT_NO)
VALUES ('P002', '양윤필', '670510-1158493', '서울시 광진구 하양동 111-12', '017');
INSERT INTO TB_PROFESSOR (PROFESSOR_NO, PROFESSOR_NAME, PROFESSOR_SSN, PROFESSOR_ADDRESS, DEPARTMENT_NO)
VALUES ('P003', '신원하', '700808-1138187', '인천시 남동구 만수1동 삼한A 204-1102', '039');
INSERT INTO TB_PROFESSOR (PROFESSOR_NO, PROFESSOR_NAME, PROFESSOR_SSN, PROFESSOR_ADDRESS, DEPARTMENT_NO)
VALUES ('P004', '백옥현', '530718-2119469', '경기도 연천군 군남면 옥계리 사서함 92-16', '043');
INSERT INTO TB_PROFESSOR (PROFESSOR_NO, PROFESSOR_NAME, PROFESSOR_SSN, PROFESSOR_ADDRESS, DEPARTMENT_NO)
VALUES ('P005', '조경숙', '760326-2172045', '서울 강북구 수유1동 461-76', '031');
INSERT INTO TB_PROFESSOR (PROFESSOR_NO, PROFESSOR_NAME, PROFESSOR_SSN, PROFESSOR_ADDRESS, DEPARTMENT_NO)
VALUES ('P006', '김영주', '720910-2160684', '경기도 용인시 구성면 언남리 341-7 상록빌라 2-1', '052');
INSERT INTO TB_PROFESSOR (PROFESSOR_NO, PROFESSOR_NAME, PROFESSOR_SSN, PROFESSOR_ADDRESS, DEPARTMENT_NO)
VALUES ('P007', '윤수현', '670609-1151597', '경기도 파주시 적성면 구읍리 사서함 95-16', '036');
INSERT INTO TB_PROFESSOR (PROFESSOR_NO, PROFESSOR_NAME, PROFESSOR_SSN, PROFESSOR_ADDRESS, DEPARTMENT_NO)
VALUES ('P008', '홍순연', '540101-1162083', '서울시 강남구 역삼동 826-24', '022');
INSERT INTO TB_PROFESSOR (PROFESSOR_NO, PROFESSOR_NAME, PROFESSOR_SSN, PROFESSOR_ADDRESS, DEPARTMENT_NO)
VALUES ('P009', '황헌중', '651030-1172881', '서울시 은평구 신사1동 278-6 1층', '021');
INSERT INTO TB_PROFESSOR (PROFESSOR_NO, PROFESSOR_NAME, PROFESSOR_SSN, PROFESSOR_ADDRESS, DEPARTMENT_NO)
VALUES ('P010', '석경환', '570315-1153913', '서울시 노원구 공릉 2동 공릉아파트 나동 205호', '034');
INSERT INTO TB_PROFESSOR (PROFESSOR_NO, PROFESSOR_NAME, PROFESSOR_SSN, PROFESSOR_ADDRESS, DEPARTMENT_NO)
VALUES ('P011', '이양희', '720822-1139905', '서울 서초구 방배동 436-19', '004');
INSERT INTO TB_PROFESSOR (PROFESSOR_NO, PROFESSOR_NAME, PROFESSOR_SSN, PROFESSOR_ADDRESS, DEPARTMENT_NO)
VALUES ('P012', '유용석', '530714-1142531', '경기도 성남시 분당구 야탑동 270 매화마을 화성빌리지 704-401', '063');
INSERT INTO TB_PROFESSOR (PROFESSOR_NO, PROFESSOR_NAME, PROFESSOR_SSN, PROFESSOR_ADDRESS, DEPARTMENT_NO)
VALUES ('P013', '이미경', '741016-2103506', '경기도 성남시 수정구 수진2동 삼부아파트103-1505', '005');
INSERT INTO TB_PROFESSOR (PROFESSOR_NO, PROFESSOR_NAME, PROFESSOR_SSN, PROFESSOR_ADDRESS, DEPARTMENT_NO)
VALUES ('P014', '백은정', '680228-2158747', '경기도 오산시 원동 한주A 101-103', '063');
INSERT INTO TB_PROFESSOR (PROFESSOR_NO, PROFESSOR_NAME, PROFESSOR_SSN, PROFESSOR_ADDRESS, DEPARTMENT_NO)
VALUES ('P015', '박주홍', '580721-1110605', '경기도 포천군·읍 기지리 산호아파트 103-304', '009');
INSERT INTO TB_PROFESSOR (PROFESSOR_NO, PROFESSOR_NAME, PROFESSOR_SSN, PROFESSOR_ADDRESS, DEPARTMENT_NO)
VALUES ('P016', '이은선', '680502-2168447', '대전시 중구 용두동 99-4 극동 늘푸른A 102-1033', '034');
INSERT INTO TB_PROFESSOR (PROFESSOR_NO, PROFESSOR_NAME, PROFESSOR_SSN, PROFESSOR_ADDRESS, DEPARTMENT_NO)
VALUES ('P017', '노인순', '520602-2175769', '서울시 강동구 고덕1동 8단지 공무원아파트 807-302', '008');
INSERT INTO TB_PROFESSOR (PROFESSOR_NO, PROFESSOR_NAME, PROFESSOR_SSN, PROFESSOR_ADDRESS, DEPARTMENT_NO)
VALUES ('P018', '박재우', '511016-1172491', '서울시 종로구 세종로 1번지 대통령경호실', '040');
INSERT INTO TB_PROFESSOR (PROFESSOR_NO, PROFESSOR_NAME, PROFESSOR_SSN, PROFESSOR_ADDRESS, DEPARTMENT_NO)
VALUES ('P019', '성수미', '630329-2164116', '서울시 구로구 개봉본동 130-26 2618-0424', '024');
INSERT INTO TB_PROFESSOR (PROFESSOR_NO, PROFESSOR_NAME, PROFESSOR_SSN, PROFESSOR_ADDRESS, DEPARTMENT_NO)
VALUES ('P020', '장남희', '451211-2124739', '서울시 마포구 공덕동 188-108 마포현대A 5-203', '055');
INSERT INTO TB_PROFESSOR (PROFESSOR_NO, PROFESSOR_NAME, PROFESSOR_SSN, PROFESSOR_ADDRESS, DEPARTMENT_NO)
VALUES ('P021', '김정연', '640219-1151158', '서울 송파구 오금동 94 청일빌라 201호', '058');
INSERT INTO TB_PROFESSOR (PROFESSOR_NO, PROFESSOR_NAME, PROFESSOR_SSN, PROFESSOR_ADDRESS, DEPARTMENT_NO)
VALUES ('P022', '김민나', '480218-2178805', '경기도 광명시 광명동159-39  월드빌라101호', '027');
INSERT INTO TB_PROFESSOR (PROFESSOR_NO, PROFESSOR_NAME, PROFESSOR_SSN, PROFESSOR_ADDRESS, DEPARTMENT_NO)
VALUES ('P023', '설주미', '620225-2150958', '서울 성동구 용답동235-8 영축빌딍', '028');
INSERT INTO TB_PROFESSOR (PROFESSOR_NO, PROFESSOR_NAME, PROFESSOR_SSN, PROFESSOR_ADDRESS, DEPARTMENT_NO)
VALUES ('P024', '김현경', '580105-2152957', '경기남양주 와부읍 도곡리 쌍용A 102-301', '009');
INSERT INTO TB_PROFESSOR (PROFESSOR_NO, PROFESSOR_NAME, PROFESSOR_SSN, PROFESSOR_ADDRESS, DEPARTMENT_NO)
VALUES ('P025', '홍남수', '540304-1112251', '경기도 부천시 오정구 삼정동342-2', '005');
INSERT INTO TB_PROFESSOR (PROFESSOR_NO, PROFESSOR_NAME, PROFESSOR_SSN, PROFESSOR_ADDRESS, DEPARTMENT_NO)
VALUES ('P026', '이경석', '650712-1121137', '서울서대문북가좌1동186-60 현대A 101동303호', '011');
INSERT INTO TB_PROFESSOR (PROFESSOR_NO, PROFESSOR_NAME, PROFESSOR_SSN, PROFESSOR_ADDRESS, DEPARTMENT_NO)
VALUES ('P027', '남명길', '540103-1151241', '서울 동작구 사당1동 419-125 동산빌라301호', '040');
INSERT INTO TB_PROFESSOR (PROFESSOR_NO, PROFESSOR_NAME, PROFESSOR_SSN, PROFESSOR_ADDRESS, DEPARTMENT_NO)
VALUES ('P028', '김명석', '780702-1112968', '서울 서대문구 북아현1동144-1 (계란집)', '039');
INSERT INTO TB_PROFESSOR (PROFESSOR_NO, PROFESSOR_NAME, PROFESSOR_SSN, PROFESSOR_ADDRESS, DEPARTMENT_NO)
VALUES ('P029', '제상철', '800304-1139725', '서울 동대문구 휘경동126-9    23/2', '002');
INSERT INTO TB_PROFESSOR (PROFESSOR_NO, PROFESSOR_NAME, PROFESSOR_SSN, PROFESSOR_ADDRESS, DEPARTMENT_NO)
VALUES ('P030', '김하정', '680717-1127036', '서울 용산구 이촌2동 시범아파트6동505호', '051');
INSERT INTO TB_PROFESSOR (PROFESSOR_NO, PROFESSOR_NAME, PROFESSOR_SSN, PROFESSOR_ADDRESS, DEPARTMENT_NO)
VALUES ('P031', '조영철', '551011-1128999', '서울 강서구 화곡2동 166-23 천우아트빌 402호', '042');
INSERT INTO TB_PROFESSOR (PROFESSOR_NO, PROFESSOR_NAME, PROFESSOR_SSN, PROFESSOR_ADDRESS, DEPARTMENT_NO)
VALUES ('P032', '김은애', '680212-2116803', '경기도 고양시 일산구 탄현동 탄현마을A 101-1006', '051');
INSERT INTO TB_PROFESSOR (PROFESSOR_NO, PROFESSOR_NAME, PROFESSOR_SSN, PROFESSOR_ADDRESS, DEPARTMENT_NO)
VALUES ('P033', '백양임', '450215-2157723', '서울 영등포구 여의도동 53-12경성B/D 201호 (양자강)', '058');
INSERT INTO TB_PROFESSOR (PROFESSOR_NO, PROFESSOR_NAME, PROFESSOR_SSN, PROFESSOR_ADDRESS, DEPARTMENT_NO)
VALUES ('P034', '박태환', '600704-1138184', '경기 안양시 만안구 석수1동373-3백조(A)202동506', '026');
INSERT INTO TB_PROFESSOR (PROFESSOR_NO, PROFESSOR_NAME, PROFESSOR_SSN, PROFESSOR_ADDRESS, DEPARTMENT_NO)
VALUES ('P035', '임진숙', '640125-1143548', '서울 서대문구 홍은1동440-1   나동101호', '005');
INSERT INTO TB_PROFESSOR (PROFESSOR_NO, PROFESSOR_NAME, PROFESSOR_SSN, PROFESSOR_ADDRESS, DEPARTMENT_NO)
VALUES ('P036', '최귀화', '700619-1127701', '서울 중랑구 망우1동163-62 그린빌라 가동103호', '053');
INSERT INTO TB_PROFESSOR (PROFESSOR_NO, PROFESSOR_NAME, PROFESSOR_SSN, PROFESSOR_ADDRESS, DEPARTMENT_NO)
VALUES ('P037', '박은미', '670127-2107141', '경기도 구리시 인창동 아름마을 원일A 102-905', '016');
INSERT INTO TB_PROFESSOR (PROFESSOR_NO, PROFESSOR_NAME, PROFESSOR_SSN, PROFESSOR_ADDRESS, DEPARTMENT_NO)
VALUES ('P038', '송가영', '610121-2132322', '서울 강남구 신사동 521-8', '007');
INSERT INTO TB_PROFESSOR (PROFESSOR_NO, PROFESSOR_NAME, PROFESSOR_SSN, PROFESSOR_ADDRESS, DEPARTMENT_NO)
VALUES ('P039', '조창주', '710205-1135715', '서울 중구 신당2동432-811 금성빌라201호', '045');
INSERT INTO TB_PROFESSOR (PROFESSOR_NO, PROFESSOR_NAME, PROFESSOR_SSN, PROFESSOR_ADDRESS, DEPARTMENT_NO)
VALUES ('P040', '한은수', '681210-1136165', '서울 영등포구 문래동3가16-25     13/11', '055');
INSERT INTO TB_PROFESSOR (PROFESSOR_NO, PROFESSOR_NAME, PROFESSOR_SSN, PROFESSOR_ADDRESS, DEPARTMENT_NO)
VALUES ('P041', '김봉건', '710130-1106278', '서울 도구 도봉2동 서원A 103-1302', '013');
INSERT INTO TB_PROFESSOR (PROFESSOR_NO, PROFESSOR_NAME, PROFESSOR_SSN, PROFESSOR_ADDRESS, DEPARTMENT_NO)
VALUES ('P042', '정혜민', '730123-2154987', '서울 강동구 천호1동18-174번지', '056');
INSERT INTO TB_PROFESSOR (PROFESSOR_NO, PROFESSOR_NAME, PROFESSOR_SSN, PROFESSOR_ADDRESS, DEPARTMENT_NO)
VALUES ('P043', '임정화', '550802-2147267', '서울 강북구 미아4동49-53', '049');
INSERT INTO TB_PROFESSOR (PROFESSOR_NO, PROFESSOR_NAME, PROFESSOR_SSN, PROFESSOR_ADDRESS, DEPARTMENT_NO)
VALUES ('P044', '김해룡', '610420-1173679', '경기 용인시 수지읍풍덕천리 동보3차(A)101-1411호', '030');
INSERT INTO TB_PROFESSOR (PROFESSOR_NO, PROFESSOR_NAME, PROFESSOR_SSN, PROFESSOR_ADDRESS, DEPARTMENT_NO)
VALUES ('P045', '정진정', '481002-1118264', '경기 용인시 기흥읍 서천리700 서그내마을 SK아 107-1805', '050');
INSERT INTO TB_PROFESSOR (PROFESSOR_NO, PROFESSOR_NAME, PROFESSOR_SSN, PROFESSOR_ADDRESS, DEPARTMENT_NO)
VALUES ('P046', '박준호', '721020-1139804', '경기 성남시 수정구 태평동7116번지24호', '059');
INSERT INTO TB_PROFESSOR (PROFESSOR_NO, PROFESSOR_NAME, PROFESSOR_SSN, PROFESSOR_ADDRESS, DEPARTMENT_NO)
VALUES ('P047', '이지호', '570904-1174159', '서울 은평구 갈현1동285-84', '052');
INSERT INTO TB_PROFESSOR (PROFESSOR_NO, PROFESSOR_NAME, PROFESSOR_SSN, PROFESSOR_ADDRESS, DEPARTMENT_NO)
VALUES ('P048', '홍부철', '540110-1133897', '서울 강북구 미아1동791-2166     7/2', '060');
INSERT INTO TB_PROFESSOR (PROFESSOR_NO, PROFESSOR_NAME, PROFESSOR_SSN, PROFESSOR_ADDRESS, DEPARTMENT_NO)
VALUES ('P049', '이은미', '590401-2135186', '경기도 하남시 학암동6번지', '032');
INSERT INTO TB_PROFESSOR (PROFESSOR_NO, PROFESSOR_NAME, PROFESSOR_SSN, PROFESSOR_ADDRESS, DEPARTMENT_NO)
VALUES ('P050', '김선정', '561222-2131346', '경기도 부천시 원미구 역곡2동28-16', '001');
INSERT INTO TB_PROFESSOR (PROFESSOR_NO, PROFESSOR_NAME, PROFESSOR_SSN, PROFESSOR_ADDRESS, DEPARTMENT_NO)
VALUES ('P051', '권귀빈', '481022-1127584', '인천광역시 연수구 동춘동 풍림2차아파트104동505', '004');
INSERT INTO TB_PROFESSOR (PROFESSOR_NO, PROFESSOR_NAME, PROFESSOR_SSN, PROFESSOR_ADDRESS, DEPARTMENT_NO)
VALUES ('P052', '임해정', '530617-1178417', '경기도 부천시 원미구 중2동 꿈마을A 1010동301호', null);
INSERT INTO TB_PROFESSOR (PROFESSOR_NO, PROFESSOR_NAME, PROFESSOR_SSN, PROFESSOR_ADDRESS, DEPARTMENT_NO)
VALUES ('P053', '김기수', '480613-2107771', '서울 서초구 방배1동322-1 내방하이츠201호', '032');
INSERT INTO TB_PROFESSOR (PROFESSOR_NO, PROFESSOR_NAME, PROFESSOR_SSN, PROFESSOR_ADDRESS, DEPARTMENT_NO)
VALUES ('P054', '변현주', '510117-2105253', '서울 금천구 시흥본동880-40', '017');
INSERT INTO TB_PROFESSOR (PROFESSOR_NO, PROFESSOR_NAME, PROFESSOR_SSN, PROFESSOR_ADDRESS, DEPARTMENT_NO)
VALUES ('P055', '박연국', '650722-1121526', '서울 서초구 원지동385-64', '058');
INSERT INTO TB_PROFESSOR (PROFESSOR_NO, PROFESSOR_NAME, PROFESSOR_SSN, PROFESSOR_ADDRESS, DEPARTMENT_NO)
VALUES ('P056', '강용진', '650620-1133146', '서울 은평구 대조동39-30   24/7', '057');
INSERT INTO TB_PROFESSOR (PROFESSOR_NO, PROFESSOR_NAME, PROFESSOR_SSN, PROFESSOR_ADDRESS, DEPARTMENT_NO)
VALUES ('P057', '홍인표', '590221-1144002', '서울 구로구 고척1동53-4 동아한신(A) 101동403호', '028');
INSERT INTO TB_PROFESSOR (PROFESSOR_NO, PROFESSOR_NAME, PROFESSOR_SSN, PROFESSOR_ADDRESS, DEPARTMENT_NO)
VALUES ('P058', '이협수', '671224-1158811', '서울 동작구 흑석1동238-89  동림빌라301호', '016');
INSERT INTO TB_PROFESSOR (PROFESSOR_NO, PROFESSOR_NAME, PROFESSOR_SSN, PROFESSOR_ADDRESS, DEPARTMENT_NO)
VALUES ('P059', '김계선', '521201-2171276', '관악구 봉천10동41-538', '019');
INSERT INTO TB_PROFESSOR (PROFESSOR_NO, PROFESSOR_NAME, PROFESSOR_SSN, PROFESSOR_ADDRESS, DEPARTMENT_NO)
VALUES ('P060', '김소영', '600801-1162117', '인천광역시 남동구 논현동 논현주공A 210동502호', '034');
INSERT INTO TB_PROFESSOR (PROFESSOR_NO, PROFESSOR_NAME, PROFESSOR_SSN, PROFESSOR_ADDRESS, DEPARTMENT_NO)
VALUES ('P061', '전소운', '710405-1151782', '서울 관악구 봉천5동480-18', '039');
INSERT INTO TB_PROFESSOR (PROFESSOR_NO, PROFESSOR_NAME, PROFESSOR_SSN, PROFESSOR_ADDRESS, DEPARTMENT_NO)
VALUES ('P062', '권정희', '670326-2163777', '서울 강서구 화곡8동 396-9', '015');
INSERT INTO TB_PROFESSOR (PROFESSOR_NO, PROFESSOR_NAME, PROFESSOR_SSN, PROFESSOR_ADDRESS, DEPARTMENT_NO)
VALUES ('P063', '최요한', '500830-1114517', '경기남양주시 진접읍 장현5리593 동부주택2동207호', '010');
INSERT INTO TB_PROFESSOR (PROFESSOR_NO, PROFESSOR_NAME, PROFESSOR_SSN, PROFESSOR_ADDRESS, DEPARTMENT_NO)
VALUES ('P064', '이도현', '481120-1142862', '서울 중랑구 중화3동331-97', '016');
INSERT INTO TB_PROFESSOR (PROFESSOR_NO, PROFESSOR_NAME, PROFESSOR_SSN, PROFESSOR_ADDRESS, DEPARTMENT_NO)
VALUES ('P065', '서미화', '491130-2132299', '경기도 수원시 장안구 영화동417-14', '060');
INSERT INTO TB_PROFESSOR (PROFESSOR_NO, PROFESSOR_NAME, PROFESSOR_SSN, PROFESSOR_ADDRESS, DEPARTMENT_NO)
VALUES ('P066', '김경미', '650816-2115415', '경기 하남 창우동521 꿈동산신안아파트412-1403호', '009');
INSERT INTO TB_PROFESSOR (PROFESSOR_NO, PROFESSOR_NAME, PROFESSOR_SSN, PROFESSOR_ADDRESS, DEPARTMENT_NO)
VALUES ('P067', '하정균', '700510-1161234', '서울 동대문구 용두2동234-51', '053');
INSERT INTO TB_PROFESSOR (PROFESSOR_NO, PROFESSOR_NAME, PROFESSOR_SSN, PROFESSOR_ADDRESS, DEPARTMENT_NO)
VALUES ('P068', '심석천', '570825-1121645', '서울 관악구 신림9동251-328', '022');
INSERT INTO TB_PROFESSOR (PROFESSOR_NO, PROFESSOR_NAME, PROFESSOR_SSN, PROFESSOR_ADDRESS, DEPARTMENT_NO)
VALUES ('P069', '허문표', '640128-1161965', '경기도 의정부시 용현동 건영A 107-104', '007');
INSERT INTO TB_PROFESSOR (PROFESSOR_NO, PROFESSOR_NAME, PROFESSOR_SSN, PROFESSOR_ADDRESS, DEPARTMENT_NO)
VALUES ('P070', '전오원', '490222-1106281', '서울 노원구 상계3동 현대아파트105동2104호', '053');
INSERT INTO TB_PROFESSOR (PROFESSOR_NO, PROFESSOR_NAME, PROFESSOR_SSN, PROFESSOR_ADDRESS, DEPARTMENT_NO)
VALUES ('P071', '김선필', '490114-1144781', '서울 중구 을지로5가77-13 골목식당', '026');
INSERT INTO TB_PROFESSOR (PROFESSOR_NO, PROFESSOR_NAME, PROFESSOR_SSN, PROFESSOR_ADDRESS, DEPARTMENT_NO)
VALUES ('P072', '양준호', '680309-1122192', '경기 남양주시와부읍덕소리110-1 주공 A 101-301', '021');
INSERT INTO TB_PROFESSOR (PROFESSOR_NO, PROFESSOR_NAME, PROFESSOR_SSN, PROFESSOR_ADDRESS, DEPARTMENT_NO)
VALUES ('P073', '서주연', '490205-2117911', '서울 강서구 화곡4동 803-21호', '033');
INSERT INTO TB_PROFESSOR (PROFESSOR_NO, PROFESSOR_NAME, PROFESSOR_SSN, PROFESSOR_ADDRESS, DEPARTMENT_NO)
VALUES ('P074', '석애영', '641208-2157814', '경기도 시흥시 조남동502-3번지', '010');
INSERT INTO TB_PROFESSOR (PROFESSOR_NO, PROFESSOR_NAME, PROFESSOR_SSN, PROFESSOR_ADDRESS, DEPARTMENT_NO)
VALUES ('P075', '강혁', '601004-1100528', '경기 성남시 수정구 태평2동970번지', '021');
INSERT INTO TB_PROFESSOR (PROFESSOR_NO, PROFESSOR_NAME, PROFESSOR_SSN, PROFESSOR_ADDRESS, DEPARTMENT_NO)
VALUES ('P076', '최국열', '561130-1136452', '서울 관악구 신림8동561-10', '044');
INSERT INTO TB_PROFESSOR (PROFESSOR_NO, PROFESSOR_NAME, PROFESSOR_SSN, PROFESSOR_ADDRESS, DEPARTMENT_NO)
VALUES ('P077', '이경수', '670208-1176588', '서울 중랑구 면목7동339-36', '023');
INSERT INTO TB_PROFESSOR (PROFESSOR_NO, PROFESSOR_NAME, PROFESSOR_SSN, PROFESSOR_ADDRESS, DEPARTMENT_NO)
VALUES ('P078', '이주진', '540810-1100589', '경기도 평택시 서정동592-17    7/1', '017');
INSERT INTO TB_PROFESSOR (PROFESSOR_NO, PROFESSOR_NAME, PROFESSOR_SSN, PROFESSOR_ADDRESS, DEPARTMENT_NO)
VALUES ('P079', '신영호', '780501-1111908', '서울 도봉구창2동804-4   대우A 106동1302호', '006');
INSERT INTO TB_PROFESSOR (PROFESSOR_NO, PROFESSOR_NAME, PROFESSOR_SSN, PROFESSOR_ADDRESS, DEPARTMENT_NO)
VALUES ('P080', '박지평', '760210-1108526', '인천시 계양구 임학동101   조광빌라2동101호', '037');
INSERT INTO TB_PROFESSOR (PROFESSOR_NO, PROFESSOR_NAME, PROFESSOR_SSN, PROFESSOR_ADDRESS, DEPARTMENT_NO)
VALUES ('P081', '김유림', '540202-1118697', '경북 포항시 북구 흥해읍 초복동 146-1', '012');
INSERT INTO TB_PROFESSOR (PROFESSOR_NO, PROFESSOR_NAME, PROFESSOR_SSN, PROFESSOR_ADDRESS, DEPARTMENT_NO)
VALUES ('P082', '강현주', '620601-2145319', '경북 경산시 진량읍 신상리 868 우방힐타운 101-1805', '044');
INSERT INTO TB_PROFESSOR (PROFESSOR_NO, PROFESSOR_NAME, PROFESSOR_SSN, PROFESSOR_ADDRESS, DEPARTMENT_NO)
VALUES ('P083', '오정현', '561225-2105561', '경기도 시흥시 정왕동 한일아파트 109-401호', '039');
INSERT INTO TB_PROFESSOR (PROFESSOR_NO, PROFESSOR_NAME, PROFESSOR_SSN, PROFESSOR_ADDRESS, DEPARTMENT_NO)
VALUES ('P084', '김방현', '641124-1150149', '전북 전주시 덕진구 송천동 롯데A 10-407', '034');
INSERT INTO TB_PROFESSOR (PROFESSOR_NO, PROFESSOR_NAME, PROFESSOR_SSN, PROFESSOR_ADDRESS, DEPARTMENT_NO)
VALUES ('P085', '김선희', '551030-2159000', '전남 여수시 선원동 남양A 201-406', '005');
INSERT INTO TB_PROFESSOR (PROFESSOR_NO, PROFESSOR_NAME, PROFESSOR_SSN, PROFESSOR_ADDRESS, DEPARTMENT_NO)
VALUES ('P086', '추민정', '541201-2159547', '서울시 송파구 문정동 115-11 대영빌라 나동 301', '037');
INSERT INTO TB_PROFESSOR (PROFESSOR_NO, PROFESSOR_NAME, PROFESSOR_SSN, PROFESSOR_ADDRESS, DEPARTMENT_NO)
VALUES ('P087', '이재호', '571005-1144703', '경기도 용인시 역북동 군인아파트', '045');
INSERT INTO TB_PROFESSOR (PROFESSOR_NO, PROFESSOR_NAME, PROFESSOR_SSN, PROFESSOR_ADDRESS, DEPARTMENT_NO)
VALUES ('P088', '한상욱', '600326-1173189', '경남 김해시 부원동 111-5 강남빌라 A-502', '023');
INSERT INTO TB_PROFESSOR (PROFESSOR_NO, PROFESSOR_NAME, PROFESSOR_SSN, PROFESSOR_ADDRESS, DEPARTMENT_NO)
VALUES ('P089', '김희민', '511009-1164667', '서울시 강동구 천호3동 565 현대타워A 708', '042');
INSERT INTO TB_PROFESSOR (PROFESSOR_NO, PROFESSOR_NAME, PROFESSOR_SSN, PROFESSOR_ADDRESS, DEPARTMENT_NO)
VALUES ('P090', '홍재준', '650828-1175232', '경기 동두천시 상패동 무궁화빌라 10-402', '024');
INSERT INTO TB_PROFESSOR (PROFESSOR_NO, PROFESSOR_NAME, PROFESSOR_SSN, PROFESSOR_ADDRESS, DEPARTMENT_NO)
VALUES ('P091', '이무룡', '760219-1172702', '경기 시흥시 대야동 563 서해A 103-1903', '024');
INSERT INTO TB_PROFESSOR (PROFESSOR_NO, PROFESSOR_NAME, PROFESSOR_SSN, PROFESSOR_ADDRESS, DEPARTMENT_NO)
VALUES ('P092', '장재일', '700816-1150492', '서울시 노원구 상계동 624 주공A 1503-1011', '055');
INSERT INTO TB_PROFESSOR (PROFESSOR_NO, PROFESSOR_NAME, PROFESSOR_SSN, PROFESSOR_ADDRESS, DEPARTMENT_NO)
VALUES ('P093', '민태영', '600720-1169021', '경기도 수원시 권선구 금곡동 거산A 101-706', '022');
INSERT INTO TB_PROFESSOR (PROFESSOR_NO, PROFESSOR_NAME, PROFESSOR_SSN, PROFESSOR_ADDRESS, DEPARTMENT_NO)
VALUES ('P094', '김승주', '561101-1174205', '경기도 성남시 분당구 야탑3동 211 매화마을 403-203', '055');
INSERT INTO TB_PROFESSOR (PROFESSOR_NO, PROFESSOR_NAME, PROFESSOR_SSN, PROFESSOR_ADDRESS, DEPARTMENT_NO)
VALUES ('P095', '노현주', '650330-2117560', '서울시 영등포구 대림동 755-6', '008');
INSERT INTO TB_PROFESSOR (PROFESSOR_NO, PROFESSOR_NAME, PROFESSOR_SSN, PROFESSOR_ADDRESS, DEPARTMENT_NO)
VALUES ('P096', '이선영', '740924-2147346', '전북 군산시 경암동 685-9', '010');
INSERT INTO TB_PROFESSOR (PROFESSOR_NO, PROFESSOR_NAME, PROFESSOR_SSN, PROFESSOR_ADDRESS, DEPARTMENT_NO)
VALUES ('P097', '이지현', '610130-1117554', '경기도 고양시 일산구 주엽동 강선마을 동신아파트 406-704호', '002');
INSERT INTO TB_PROFESSOR (PROFESSOR_NO, PROFESSOR_NAME, PROFESSOR_SSN, PROFESSOR_ADDRESS, DEPARTMENT_NO)
VALUES ('P098', '김성균', '621011-1137259', '경기도 성남시 분당구 서현동 시범단지 현대A 413-2801', '038');
INSERT INTO TB_PROFESSOR (PROFESSOR_NO, PROFESSOR_NAME, PROFESSOR_SSN, PROFESSOR_ADDRESS, DEPARTMENT_NO)
VALUES ('P099', '장윤실', '521112-2163538', '서울시 마포구 공덕동 370-4 산업인력공단7층 중앙노동위원회', '051');
INSERT INTO TB_PROFESSOR (PROFESSOR_NO, PROFESSOR_NAME, PROFESSOR_SSN, PROFESSOR_ADDRESS, DEPARTMENT_NO)
VALUES ('P100', '박강아름', '681201-2134896', '강원도 동해시 천곡동 242 4/3', '057');
INSERT INTO TB_PROFESSOR (PROFESSOR_NO, PROFESSOR_NAME, PROFESSOR_SSN, PROFESSOR_ADDRESS, DEPARTMENT_NO)
VALUES ('P101', '박철우', '580405-1146127', '전북 전주시 완산구 서신동 쌍용A 602-806', '050');
INSERT INTO TB_PROFESSOR (PROFESSOR_NO, PROFESSOR_NAME, PROFESSOR_SSN, PROFESSOR_ADDRESS, DEPARTMENT_NO)
VALUES ('P102', '안세현', '620303-1165733', '서울시 노원구 상계7동 757 한양A 2-303', '015');
INSERT INTO TB_PROFESSOR (PROFESSOR_NO, PROFESSOR_NAME, PROFESSOR_SSN, PROFESSOR_ADDRESS, DEPARTMENT_NO)
VALUES ('P103', '김태봉', '760421-1134254', '경기도 수원시 팔달구 영통동 주공A 110-1806', '018');
INSERT INTO TB_PROFESSOR (PROFESSOR_NO, PROFESSOR_NAME, PROFESSOR_SSN, PROFESSOR_ADDRESS, DEPARTMENT_NO)
VALUES ('P104', '이종석', '650604-1178491', '과천시 별양동 주공@ 410-703호', '002');
INSERT INTO TB_PROFESSOR (PROFESSOR_NO, PROFESSOR_NAME, PROFESSOR_SSN, PROFESSOR_ADDRESS, DEPARTMENT_NO)
VALUES ('P105', '김수경', '720602-2107929', '경북 구미시 봉곡동 현대A 109-1205', '010');
INSERT INTO TB_PROFESSOR (PROFESSOR_NO, PROFESSOR_NAME, PROFESSOR_SSN, PROFESSOR_ADDRESS, DEPARTMENT_NO)
VALUES ('P106', '주영상', '800707-1170344', '부산시 남구 감만2동 국제A 101-1082', '025');
INSERT INTO TB_PROFESSOR (PROFESSOR_NO, PROFESSOR_NAME, PROFESSOR_SSN, PROFESSOR_ADDRESS, DEPARTMENT_NO)
VALUES ('P107', '김정민', '580305-1134249', '대전시 서구 만년동 281 상록수@106-203호', '045');
INSERT INTO TB_PROFESSOR (PROFESSOR_NO, PROFESSOR_NAME, PROFESSOR_SSN, PROFESSOR_ADDRESS, DEPARTMENT_NO)
VALUES ('P108', '최지선', '560409-2113517', '경기도 부천시 원미구 상동 반달A 1821-609', '055');
INSERT INTO TB_PROFESSOR (PROFESSOR_NO, PROFESSOR_NAME, PROFESSOR_SSN, PROFESSOR_ADDRESS, DEPARTMENT_NO)
VALUES ('P109', '서준원', '591010-1167110', '강원도 원주시 단구동 황수A 3-407', '034');
INSERT INTO TB_PROFESSOR (PROFESSOR_NO, PROFESSOR_NAME, PROFESSOR_SSN, PROFESSOR_ADDRESS, DEPARTMENT_NO)
VALUES ('P110', '임희도', '700703-1109474', '서울시 강북구  미아9동 126-35', '001');
INSERT INTO TB_PROFESSOR (PROFESSOR_NO, PROFESSOR_NAME, PROFESSOR_SSN, PROFESSOR_ADDRESS, DEPARTMENT_NO)
VALUES ('P111', '정재우', '711118-1144637', '경기도 고양시 덕양구 지축동 309-1 백운A', '031');
INSERT INTO TB_PROFESSOR (PROFESSOR_NO, PROFESSOR_NAME, PROFESSOR_SSN, PROFESSOR_ADDRESS, DEPARTMENT_NO)
VALUES ('P112', '금민정', '520411-2126103', '서울시 노원구 상계7동 720 상계주공A 622-1205', '040');
INSERT INTO TB_PROFESSOR (PROFESSOR_NO, PROFESSOR_NAME, PROFESSOR_SSN, PROFESSOR_ADDRESS, DEPARTMENT_NO)
VALUES ('P113', '변해원', '730809-1128142', '서울 강동구 고덕2동 157-7', '059');
INSERT INTO TB_PROFESSOR (PROFESSOR_NO, PROFESSOR_NAME, PROFESSOR_SSN, PROFESSOR_ADDRESS, DEPARTMENT_NO)
VALUES ('P114', '백혁호', '570510-1123457', '서울 동대문구 휘경동 49-5번지 서울가든아파트 913호', '058');
commit;
prompt 114 records loaded
prompt Loading TB_CLASS_PROFESSOR...
INSERT INTO TB_CLASS_PROFESSOR (CLASS_NO, PROFESSOR_NO)
VALUES ('C0245500', 'P050');
INSERT INTO TB_CLASS_PROFESSOR (CLASS_NO, PROFESSOR_NO)
VALUES ('C0405000', 'P050');
INSERT INTO TB_CLASS_PROFESSOR (CLASS_NO, PROFESSOR_NO)
VALUES ('C0405500', 'P050');
INSERT INTO TB_CLASS_PROFESSOR (CLASS_NO, PROFESSOR_NO)
VALUES ('C0409000', 'P050');
INSERT INTO TB_CLASS_PROFESSOR (CLASS_NO, PROFESSOR_NO)
VALUES ('C4890800', 'P050');
INSERT INTO TB_CLASS_PROFESSOR (CLASS_NO, PROFESSOR_NO)
VALUES ('C4913400', 'P050');
INSERT INTO TB_CLASS_PROFESSOR (CLASS_NO, PROFESSOR_NO)
VALUES ('C3953700', 'P050');
INSERT INTO TB_CLASS_PROFESSOR (CLASS_NO, PROFESSOR_NO)
VALUES ('C4034800', 'P050');
INSERT INTO TB_CLASS_PROFESSOR (CLASS_NO, PROFESSOR_NO)
VALUES ('C4047300', 'P050');
INSERT INTO TB_CLASS_PROFESSOR (CLASS_NO, PROFESSOR_NO)
VALUES ('C4048400', 'P050');
INSERT INTO TB_CLASS_PROFESSOR (CLASS_NO, PROFESSOR_NO)
VALUES ('C0736733', 'P050');
INSERT INTO TB_CLASS_PROFESSOR (CLASS_NO, PROFESSOR_NO)
VALUES ('C0405000', 'P110');
INSERT INTO TB_CLASS_PROFESSOR (CLASS_NO, PROFESSOR_NO)
VALUES ('C0409000', 'P110');
INSERT INTO TB_CLASS_PROFESSOR (CLASS_NO, PROFESSOR_NO)
VALUES ('C1987000', 'P110');
INSERT INTO TB_CLASS_PROFESSOR (CLASS_NO, PROFESSOR_NO)
VALUES ('C4890800', 'P110');
INSERT INTO TB_CLASS_PROFESSOR (CLASS_NO, PROFESSOR_NO)
VALUES ('C3953700', 'P110');
INSERT INTO TB_CLASS_PROFESSOR (CLASS_NO, PROFESSOR_NO)
VALUES ('C4048400', 'P110');
INSERT INTO TB_CLASS_PROFESSOR (CLASS_NO, PROFESSOR_NO)
VALUES ('C4059400', 'P110');
INSERT INTO TB_CLASS_PROFESSOR (CLASS_NO, PROFESSOR_NO)
VALUES ('C0736733', 'P110');
INSERT INTO TB_CLASS_PROFESSOR (CLASS_NO, PROFESSOR_NO)
VALUES ('C0003400', 'P029');
INSERT INTO TB_CLASS_PROFESSOR (CLASS_NO, PROFESSOR_NO)
VALUES ('C1811200', 'P029');
INSERT INTO TB_CLASS_PROFESSOR (CLASS_NO, PROFESSOR_NO)
VALUES ('C2364800', 'P029');
INSERT INTO TB_CLASS_PROFESSOR (CLASS_NO, PROFESSOR_NO)
VALUES ('C3745100', 'P029');
INSERT INTO TB_CLASS_PROFESSOR (CLASS_NO, PROFESSOR_NO)
VALUES ('C0736734', 'P029');
INSERT INTO TB_CLASS_PROFESSOR (CLASS_NO, PROFESSOR_NO)
VALUES ('C0737034', 'P029');
INSERT INTO TB_CLASS_PROFESSOR (CLASS_NO, PROFESSOR_NO)
VALUES ('C1105000', 'P104');
INSERT INTO TB_CLASS_PROFESSOR (CLASS_NO, PROFESSOR_NO)
VALUES ('C2554500', 'P104');
INSERT INTO TB_CLASS_PROFESSOR (CLASS_NO, PROFESSOR_NO)
VALUES ('C3745100', 'P104');
INSERT INTO TB_CLASS_PROFESSOR (CLASS_NO, PROFESSOR_NO)
VALUES ('C3745400', 'P104');
INSERT INTO TB_CLASS_PROFESSOR (CLASS_NO, PROFESSOR_NO)
VALUES ('C0736734', 'P104');
INSERT INTO TB_CLASS_PROFESSOR (CLASS_NO, PROFESSOR_NO)
VALUES ('C0737034', 'P104');
INSERT INTO TB_CLASS_PROFESSOR (CLASS_NO, PROFESSOR_NO)
VALUES ('C0737534', 'P104');
INSERT INTO TB_CLASS_PROFESSOR (CLASS_NO, PROFESSOR_NO)
VALUES ('C0003400', 'P097');
INSERT INTO TB_CLASS_PROFESSOR (CLASS_NO, PROFESSOR_NO)
VALUES ('C1113900', 'P097');
INSERT INTO TB_CLASS_PROFESSOR (CLASS_NO, PROFESSOR_NO)
VALUES ('C2364800', 'P097');
INSERT INTO TB_CLASS_PROFESSOR (CLASS_NO, PROFESSOR_NO)
VALUES ('C2554500', 'P097');
INSERT INTO TB_CLASS_PROFESSOR (CLASS_NO, PROFESSOR_NO)
VALUES ('C3745100', 'P097');
INSERT INTO TB_CLASS_PROFESSOR (CLASS_NO, PROFESSOR_NO)
VALUES ('C0736734', 'P097');
INSERT INTO TB_CLASS_PROFESSOR (CLASS_NO, PROFESSOR_NO)
VALUES ('C0737034', 'P097');
INSERT INTO TB_CLASS_PROFESSOR (CLASS_NO, PROFESSOR_NO)
VALUES ('C0736736', 'P011');
INSERT INTO TB_CLASS_PROFESSOR (CLASS_NO, PROFESSOR_NO)
VALUES ('C0737036', 'P011');
INSERT INTO TB_CLASS_PROFESSOR (CLASS_NO, PROFESSOR_NO)
VALUES ('C0737536', 'P011');
INSERT INTO TB_CLASS_PROFESSOR (CLASS_NO, PROFESSOR_NO)
VALUES ('C3834600', 'P051');
INSERT INTO TB_CLASS_PROFESSOR (CLASS_NO, PROFESSOR_NO)
VALUES ('C0736736', 'P051');
INSERT INTO TB_CLASS_PROFESSOR (CLASS_NO, PROFESSOR_NO)
VALUES ('C0737036', 'P051');
INSERT INTO TB_CLASS_PROFESSOR (CLASS_NO, PROFESSOR_NO)
VALUES ('C0737536', 'P051');
INSERT INTO TB_CLASS_PROFESSOR (CLASS_NO, PROFESSOR_NO)
VALUES ('C5010200', 'P013');
INSERT INTO TB_CLASS_PROFESSOR (CLASS_NO, PROFESSOR_NO)
VALUES ('C5010000', 'P013');
INSERT INTO TB_CLASS_PROFESSOR (CLASS_NO, PROFESSOR_NO)
VALUES ('C5010600', 'P013');
INSERT INTO TB_CLASS_PROFESSOR (CLASS_NO, PROFESSOR_NO)
VALUES ('C1803600', 'P013');
INSERT INTO TB_CLASS_PROFESSOR (CLASS_NO, PROFESSOR_NO)
VALUES ('C5010500', 'P013');
INSERT INTO TB_CLASS_PROFESSOR (CLASS_NO, PROFESSOR_NO)
VALUES ('C5010700', 'P013');
INSERT INTO TB_CLASS_PROFESSOR (CLASS_NO, PROFESSOR_NO)
VALUES ('C0737037', 'P013');
INSERT INTO TB_CLASS_PROFESSOR (CLASS_NO, PROFESSOR_NO)
VALUES ('C0165500', 'P035');
INSERT INTO TB_CLASS_PROFESSOR (CLASS_NO, PROFESSOR_NO)
VALUES ('C5018500', 'P035');
INSERT INTO TB_CLASS_PROFESSOR (CLASS_NO, PROFESSOR_NO)
VALUES ('C5010200', 'P035');
INSERT INTO TB_CLASS_PROFESSOR (CLASS_NO, PROFESSOR_NO)
VALUES ('C0434900', 'P035');
INSERT INTO TB_CLASS_PROFESSOR (CLASS_NO, PROFESSOR_NO)
VALUES ('C5010000', 'P035');
INSERT INTO TB_CLASS_PROFESSOR (CLASS_NO, PROFESSOR_NO)
VALUES ('C5010300', 'P035');
INSERT INTO TB_CLASS_PROFESSOR (CLASS_NO, PROFESSOR_NO)
VALUES ('C5010600', 'P035');
INSERT INTO TB_CLASS_PROFESSOR (CLASS_NO, PROFESSOR_NO)
VALUES ('C5009900', 'P035');
INSERT INTO TB_CLASS_PROFESSOR (CLASS_NO, PROFESSOR_NO)
VALUES ('C5018500', 'P085');
INSERT INTO TB_CLASS_PROFESSOR (CLASS_NO, PROFESSOR_NO)
VALUES ('C5010100', 'P085');
INSERT INTO TB_CLASS_PROFESSOR (CLASS_NO, PROFESSOR_NO)
VALUES ('C5010000', 'P085');
INSERT INTO TB_CLASS_PROFESSOR (CLASS_NO, PROFESSOR_NO)
VALUES ('C5010300', 'P085');
INSERT INTO TB_CLASS_PROFESSOR (CLASS_NO, PROFESSOR_NO)
VALUES ('C5010600', 'P085');
INSERT INTO TB_CLASS_PROFESSOR (CLASS_NO, PROFESSOR_NO)
VALUES ('C5009900', 'P085');
INSERT INTO TB_CLASS_PROFESSOR (CLASS_NO, PROFESSOR_NO)
VALUES ('C5010700', 'P085');
INSERT INTO TB_CLASS_PROFESSOR (CLASS_NO, PROFESSOR_NO)
VALUES ('C0736737', 'P085');
INSERT INTO TB_CLASS_PROFESSOR (CLASS_NO, PROFESSOR_NO)
VALUES ('C0737037', 'P085');
INSERT INTO TB_CLASS_PROFESSOR (CLASS_NO, PROFESSOR_NO)
VALUES ('C0737537', 'P085');
INSERT INTO TB_CLASS_PROFESSOR (CLASS_NO, PROFESSOR_NO)
VALUES ('C5018500', 'P025');
INSERT INTO TB_CLASS_PROFESSOR (CLASS_NO, PROFESSOR_NO)
VALUES ('C5010100', 'P025');
INSERT INTO TB_CLASS_PROFESSOR (CLASS_NO, PROFESSOR_NO)
VALUES ('C0432500', 'P025');
INSERT INTO TB_CLASS_PROFESSOR (CLASS_NO, PROFESSOR_NO)
VALUES ('C0434900', 'P025');
INSERT INTO TB_CLASS_PROFESSOR (CLASS_NO, PROFESSOR_NO)
VALUES ('C5010000', 'P025');
INSERT INTO TB_CLASS_PROFESSOR (CLASS_NO, PROFESSOR_NO)
VALUES ('C5010300', 'P025');
INSERT INTO TB_CLASS_PROFESSOR (CLASS_NO, PROFESSOR_NO)
VALUES ('C5010600', 'P025');
INSERT INTO TB_CLASS_PROFESSOR (CLASS_NO, PROFESSOR_NO)
VALUES ('C5010500', 'P025');
INSERT INTO TB_CLASS_PROFESSOR (CLASS_NO, PROFESSOR_NO)
VALUES ('C5009900', 'P025');
INSERT INTO TB_CLASS_PROFESSOR (CLASS_NO, PROFESSOR_NO)
VALUES ('C5010700', 'P025');
INSERT INTO TB_CLASS_PROFESSOR (CLASS_NO, PROFESSOR_NO)
VALUES ('C0737037', 'P025');
INSERT INTO TB_CLASS_PROFESSOR (CLASS_NO, PROFESSOR_NO)
VALUES ('C3052000', 'P079');
INSERT INTO TB_CLASS_PROFESSOR (CLASS_NO, PROFESSOR_NO)
VALUES ('C1618700', 'P079');
INSERT INTO TB_CLASS_PROFESSOR (CLASS_NO, PROFESSOR_NO)
VALUES ('C3952800', 'P079');
INSERT INTO TB_CLASS_PROFESSOR (CLASS_NO, PROFESSOR_NO)
VALUES ('C4014200', 'P079');
INSERT INTO TB_CLASS_PROFESSOR (CLASS_NO, PROFESSOR_NO)
VALUES ('C0736738', 'P079');
INSERT INTO TB_CLASS_PROFESSOR (CLASS_NO, PROFESSOR_NO)
VALUES ('C0737038', 'P079');
INSERT INTO TB_CLASS_PROFESSOR (CLASS_NO, PROFESSOR_NO)
VALUES ('C0869000', 'P079');
INSERT INTO TB_CLASS_PROFESSOR (CLASS_NO, PROFESSOR_NO)
VALUES ('C2589300', 'P079');
INSERT INTO TB_CLASS_PROFESSOR (CLASS_NO, PROFESSOR_NO)
VALUES ('C4842400', 'P079');
INSERT INTO TB_CLASS_PROFESSOR (CLASS_NO, PROFESSOR_NO)
VALUES ('C3946100', 'P079');
INSERT INTO TB_CLASS_PROFESSOR (CLASS_NO, PROFESSOR_NO)
VALUES ('C0737539', 'P079');
INSERT INTO TB_CLASS_PROFESSOR (CLASS_NO, PROFESSOR_NO)
VALUES ('C0164400', 'P017');
INSERT INTO TB_CLASS_PROFESSOR (CLASS_NO, PROFESSOR_NO)
VALUES ('C0473000', 'P017');
INSERT INTO TB_CLASS_PROFESSOR (CLASS_NO, PROFESSOR_NO)
VALUES ('C0724200', 'P017');
INSERT INTO TB_CLASS_PROFESSOR (CLASS_NO, PROFESSOR_NO)
VALUES ('C0736740', 'P017');
INSERT INTO TB_CLASS_PROFESSOR (CLASS_NO, PROFESSOR_NO)
VALUES ('C0164400', 'P095');
INSERT INTO TB_CLASS_PROFESSOR (CLASS_NO, PROFESSOR_NO)
VALUES ('C1637700', 'P015');
INSERT INTO TB_CLASS_PROFESSOR (CLASS_NO, PROFESSOR_NO)
VALUES ('C8033800', 'P015');
INSERT INTO TB_CLASS_PROFESSOR (CLASS_NO, PROFESSOR_NO)
VALUES ('C3127700', 'P015');
INSERT INTO TB_CLASS_PROFESSOR (CLASS_NO, PROFESSOR_NO)
VALUES ('C0737541', 'P015');
INSERT INTO TB_CLASS_PROFESSOR (CLASS_NO, PROFESSOR_NO)
VALUES ('C1637700', 'P024');
INSERT INTO TB_CLASS_PROFESSOR (CLASS_NO, PROFESSOR_NO)
VALUES ('C0736741', 'P024');
INSERT INTO TB_CLASS_PROFESSOR (CLASS_NO, PROFESSOR_NO)
VALUES ('C0737541', 'P024');
INSERT INTO TB_CLASS_PROFESSOR (CLASS_NO, PROFESSOR_NO)
VALUES ('C1637700', 'P066');
INSERT INTO TB_CLASS_PROFESSOR (CLASS_NO, PROFESSOR_NO)
VALUES ('C0736741', 'P066');
INSERT INTO TB_CLASS_PROFESSOR (CLASS_NO, PROFESSOR_NO)
VALUES ('C3101701', 'P063');
INSERT INTO TB_CLASS_PROFESSOR (CLASS_NO, PROFESSOR_NO)
VALUES ('C4711500', 'P063');
INSERT INTO TB_CLASS_PROFESSOR (CLASS_NO, PROFESSOR_NO)
VALUES ('C0427000', 'P063');
INSERT INTO TB_CLASS_PROFESSOR (CLASS_NO, PROFESSOR_NO)
VALUES ('C0193000', 'P063');
INSERT INTO TB_CLASS_PROFESSOR (CLASS_NO, PROFESSOR_NO)
VALUES ('C0800400', 'P063');
INSERT INTO TB_CLASS_PROFESSOR (CLASS_NO, PROFESSOR_NO)
VALUES ('C0736742', 'P063');
INSERT INTO TB_CLASS_PROFESSOR (CLASS_NO, PROFESSOR_NO)
VALUES ('C0737042', 'P063');
INSERT INTO TB_CLASS_PROFESSOR (CLASS_NO, PROFESSOR_NO)
VALUES ('C3101701', 'P096');
INSERT INTO TB_CLASS_PROFESSOR (CLASS_NO, PROFESSOR_NO)
VALUES ('C2424700', 'P096');
INSERT INTO TB_CLASS_PROFESSOR (CLASS_NO, PROFESSOR_NO)
VALUES ('C0800400', 'P096');
INSERT INTO TB_CLASS_PROFESSOR (CLASS_NO, PROFESSOR_NO)
VALUES ('C0736742', 'P096');
INSERT INTO TB_CLASS_PROFESSOR (CLASS_NO, PROFESSOR_NO)
VALUES ('C0737042', 'P096');
INSERT INTO TB_CLASS_PROFESSOR (CLASS_NO, PROFESSOR_NO)
VALUES ('C4711500', 'P105');
INSERT INTO TB_CLASS_PROFESSOR (CLASS_NO, PROFESSOR_NO)
VALUES ('C0427000', 'P105');
INSERT INTO TB_CLASS_PROFESSOR (CLASS_NO, PROFESSOR_NO)
VALUES ('C0193000', 'P105');
INSERT INTO TB_CLASS_PROFESSOR (CLASS_NO, PROFESSOR_NO)
VALUES ('C2424700', 'P105');
INSERT INTO TB_CLASS_PROFESSOR (CLASS_NO, PROFESSOR_NO)
VALUES ('C3101701', 'P074');
INSERT INTO TB_CLASS_PROFESSOR (CLASS_NO, PROFESSOR_NO)
VALUES ('C4711500', 'P074');
INSERT INTO TB_CLASS_PROFESSOR (CLASS_NO, PROFESSOR_NO)
VALUES ('C0427000', 'P074');
INSERT INTO TB_CLASS_PROFESSOR (CLASS_NO, PROFESSOR_NO)
VALUES ('C0193000', 'P074');
INSERT INTO TB_CLASS_PROFESSOR (CLASS_NO, PROFESSOR_NO)
VALUES ('C2424700', 'P074');
INSERT INTO TB_CLASS_PROFESSOR (CLASS_NO, PROFESSOR_NO)
VALUES ('C0800400', 'P074');
INSERT INTO TB_CLASS_PROFESSOR (CLASS_NO, PROFESSOR_NO)
VALUES ('C0737042', 'P074');
INSERT INTO TB_CLASS_PROFESSOR (CLASS_NO, PROFESSOR_NO)
VALUES ('C0044900', 'P026');
INSERT INTO TB_CLASS_PROFESSOR (CLASS_NO, PROFESSOR_NO)
VALUES ('C0321700', 'P026');
INSERT INTO TB_CLASS_PROFESSOR (CLASS_NO, PROFESSOR_NO)
VALUES ('C4428200', 'P026');
INSERT INTO TB_CLASS_PROFESSOR (CLASS_NO, PROFESSOR_NO)
VALUES ('C3061000', 'P026');
INSERT INTO TB_CLASS_PROFESSOR (CLASS_NO, PROFESSOR_NO)
VALUES ('C3606200', 'P026');
INSERT INTO TB_CLASS_PROFESSOR (CLASS_NO, PROFESSOR_NO)
VALUES ('C5013900', 'P026');
INSERT INTO TB_CLASS_PROFESSOR (CLASS_NO, PROFESSOR_NO)
VALUES ('C5013800', 'P026');
INSERT INTO TB_CLASS_PROFESSOR (CLASS_NO, PROFESSOR_NO)
VALUES ('C0736743', 'P026');
INSERT INTO TB_CLASS_PROFESSOR (CLASS_NO, PROFESSOR_NO)
VALUES ('C0737543', 'P026');
INSERT INTO TB_CLASS_PROFESSOR (CLASS_NO, PROFESSOR_NO)
VALUES ('C0469801', 'P081');
INSERT INTO TB_CLASS_PROFESSOR (CLASS_NO, PROFESSOR_NO)
VALUES ('C0827900', 'P081');
INSERT INTO TB_CLASS_PROFESSOR (CLASS_NO, PROFESSOR_NO)
VALUES ('C5009800', 'P081');
INSERT INTO TB_CLASS_PROFESSOR (CLASS_NO, PROFESSOR_NO)
VALUES ('C4847200', 'P081');
INSERT INTO TB_CLASS_PROFESSOR (CLASS_NO, PROFESSOR_NO)
VALUES ('C3101700', 'P081');
INSERT INTO TB_CLASS_PROFESSOR (CLASS_NO, PROFESSOR_NO)
VALUES ('C5009700', 'P081');
INSERT INTO TB_CLASS_PROFESSOR (CLASS_NO, PROFESSOR_NO)
VALUES ('C0737044', 'P081');
INSERT INTO TB_CLASS_PROFESSOR (CLASS_NO, PROFESSOR_NO)
VALUES ('C0217000', 'P041');
INSERT INTO TB_CLASS_PROFESSOR (CLASS_NO, PROFESSOR_NO)
VALUES ('C4162000', 'P041');
INSERT INTO TB_CLASS_PROFESSOR (CLASS_NO, PROFESSOR_NO)
VALUES ('C0737045', 'P041');
INSERT INTO TB_CLASS_PROFESSOR (CLASS_NO, PROFESSOR_NO)
VALUES ('C5018400', 'P062');
INSERT INTO TB_CLASS_PROFESSOR (CLASS_NO, PROFESSOR_NO)
VALUES ('C5009100', 'P062');
INSERT INTO TB_CLASS_PROFESSOR (CLASS_NO, PROFESSOR_NO)
VALUES ('C0737047', 'P062');
INSERT INTO TB_CLASS_PROFESSOR (CLASS_NO, PROFESSOR_NO)
VALUES ('C0737547', 'P062');
INSERT INTO TB_CLASS_PROFESSOR (CLASS_NO, PROFESSOR_NO)
VALUES ('C5018400', 'P102');
INSERT INTO TB_CLASS_PROFESSOR (CLASS_NO, PROFESSOR_NO)
VALUES ('C2604100', 'P102');
INSERT INTO TB_CLASS_PROFESSOR (CLASS_NO, PROFESSOR_NO)
VALUES ('C5009100', 'P102');
INSERT INTO TB_CLASS_PROFESSOR (CLASS_NO, PROFESSOR_NO)
VALUES ('C0737547', 'P102');
INSERT INTO TB_CLASS_PROFESSOR (CLASS_NO, PROFESSOR_NO)
VALUES ('C2573400', 'P037');
INSERT INTO TB_CLASS_PROFESSOR (CLASS_NO, PROFESSOR_NO)
VALUES ('C4037000', 'P037');
INSERT INTO TB_CLASS_PROFESSOR (CLASS_NO, PROFESSOR_NO)
VALUES ('C0736730', 'P037');
INSERT INTO TB_CLASS_PROFESSOR (CLASS_NO, PROFESSOR_NO)
VALUES ('C0737001', 'P037');
INSERT INTO TB_CLASS_PROFESSOR (CLASS_NO, PROFESSOR_NO)
VALUES ('C0737001', 'P064');
INSERT INTO TB_CLASS_PROFESSOR (CLASS_NO, PROFESSOR_NO)
VALUES ('C0737501', 'P064');
INSERT INTO TB_CLASS_PROFESSOR (CLASS_NO, PROFESSOR_NO)
VALUES ('C4037000', 'P058');
INSERT INTO TB_CLASS_PROFESSOR (CLASS_NO, PROFESSOR_NO)
VALUES ('C0736730', 'P058');
INSERT INTO TB_CLASS_PROFESSOR (CLASS_NO, PROFESSOR_NO)
VALUES ('C2008300', 'P002');
INSERT INTO TB_CLASS_PROFESSOR (CLASS_NO, PROFESSOR_NO)
VALUES ('C0736729', 'P002');
INSERT INTO TB_CLASS_PROFESSOR (CLASS_NO, PROFESSOR_NO)
VALUES ('C0737002', 'P002');
INSERT INTO TB_CLASS_PROFESSOR (CLASS_NO, PROFESSOR_NO)
VALUES ('C1428600', 'P078');
INSERT INTO TB_CLASS_PROFESSOR (CLASS_NO, PROFESSOR_NO)
VALUES ('C1431900', 'P078');
INSERT INTO TB_CLASS_PROFESSOR (CLASS_NO, PROFESSOR_NO)
VALUES ('C0736729', 'P078');
INSERT INTO TB_CLASS_PROFESSOR (CLASS_NO, PROFESSOR_NO)
VALUES ('C0737502', 'P078');
INSERT INTO TB_CLASS_PROFESSOR (CLASS_NO, PROFESSOR_NO)
VALUES ('C1428600', 'P054');
INSERT INTO TB_CLASS_PROFESSOR (CLASS_NO, PROFESSOR_NO)
VALUES ('C0736729', 'P054');
INSERT INTO TB_CLASS_PROFESSOR (CLASS_NO, PROFESSOR_NO)
VALUES ('C0737502', 'P054');
INSERT INTO TB_CLASS_PROFESSOR (CLASS_NO, PROFESSOR_NO)
VALUES ('C3143500', 'P103');
INSERT INTO TB_CLASS_PROFESSOR (CLASS_NO, PROFESSOR_NO)
VALUES ('C0737004', 'P103');
INSERT INTO TB_CLASS_PROFESSOR (CLASS_NO, PROFESSOR_NO)
VALUES ('C0737505', 'P103');
INSERT INTO TB_CLASS_PROFESSOR (CLASS_NO, PROFESSOR_NO)
VALUES ('C5004600', 'P009');
INSERT INTO TB_CLASS_PROFESSOR (CLASS_NO, PROFESSOR_NO)
VALUES ('C5004800', 'P009');
INSERT INTO TB_CLASS_PROFESSOR (CLASS_NO, PROFESSOR_NO)
VALUES ('C5004900', 'P009');
INSERT INTO TB_CLASS_PROFESSOR (CLASS_NO, PROFESSOR_NO)
VALUES ('C1159400', 'P009');
INSERT INTO TB_CLASS_PROFESSOR (CLASS_NO, PROFESSOR_NO)
VALUES ('C5004500', 'P009');
INSERT INTO TB_CLASS_PROFESSOR (CLASS_NO, PROFESSOR_NO)
VALUES ('C2625600', 'P009');
INSERT INTO TB_CLASS_PROFESSOR (CLASS_NO, PROFESSOR_NO)
VALUES ('C5004400', 'P009');
INSERT INTO TB_CLASS_PROFESSOR (CLASS_NO, PROFESSOR_NO)
VALUES ('C0736724', 'P009');
INSERT INTO TB_CLASS_PROFESSOR (CLASS_NO, PROFESSOR_NO)
VALUES ('C5004900', 'P072');
INSERT INTO TB_CLASS_PROFESSOR (CLASS_NO, PROFESSOR_NO)
VALUES ('C1159400', 'P072');
INSERT INTO TB_CLASS_PROFESSOR (CLASS_NO, PROFESSOR_NO)
VALUES ('C5004500', 'P072');
INSERT INTO TB_CLASS_PROFESSOR (CLASS_NO, PROFESSOR_NO)
VALUES ('C5004400', 'P072');
INSERT INTO TB_CLASS_PROFESSOR (CLASS_NO, PROFESSOR_NO)
VALUES ('C0736724', 'P072');
INSERT INTO TB_CLASS_PROFESSOR (CLASS_NO, PROFESSOR_NO)
VALUES ('C5004500', 'P075');
INSERT INTO TB_CLASS_PROFESSOR (CLASS_NO, PROFESSOR_NO)
VALUES ('C7593200', 'P075');
INSERT INTO TB_CLASS_PROFESSOR (CLASS_NO, PROFESSOR_NO)
VALUES ('C2625600', 'P075');
INSERT INTO TB_CLASS_PROFESSOR (CLASS_NO, PROFESSOR_NO)
VALUES ('C0736724', 'P075');
INSERT INTO TB_CLASS_PROFESSOR (CLASS_NO, PROFESSOR_NO)
VALUES ('C0737024', 'P075');
INSERT INTO TB_CLASS_PROFESSOR (CLASS_NO, PROFESSOR_NO)
VALUES ('C0737524', 'P075');
INSERT INTO TB_CLASS_PROFESSOR (CLASS_NO, PROFESSOR_NO)
VALUES ('C0736748', 'P008');
INSERT INTO TB_CLASS_PROFESSOR (CLASS_NO, PROFESSOR_NO)
VALUES ('C0737048', 'P008');
INSERT INTO TB_CLASS_PROFESSOR (CLASS_NO, PROFESSOR_NO)
VALUES ('C0737548', 'P008');
INSERT INTO TB_CLASS_PROFESSOR (CLASS_NO, PROFESSOR_NO)
VALUES ('C1141800', 'P068');
INSERT INTO TB_CLASS_PROFESSOR (CLASS_NO, PROFESSOR_NO)
VALUES ('C1434900', 'P068');
INSERT INTO TB_CLASS_PROFESSOR (CLASS_NO, PROFESSOR_NO)
VALUES ('C2925400', 'P068');
INSERT INTO TB_CLASS_PROFESSOR (CLASS_NO, PROFESSOR_NO)
VALUES ('C0736748', 'P068');
INSERT INTO TB_CLASS_PROFESSOR (CLASS_NO, PROFESSOR_NO)
VALUES ('C0737048', 'P068');
INSERT INTO TB_CLASS_PROFESSOR (CLASS_NO, PROFESSOR_NO)
VALUES ('C0737548', 'P068');
INSERT INTO TB_CLASS_PROFESSOR (CLASS_NO, PROFESSOR_NO)
VALUES ('C1141800', 'P093');
INSERT INTO TB_CLASS_PROFESSOR (CLASS_NO, PROFESSOR_NO)
VALUES ('C1434900', 'P093');
INSERT INTO TB_CLASS_PROFESSOR (CLASS_NO, PROFESSOR_NO)
VALUES ('C2475800', 'P093');
INSERT INTO TB_CLASS_PROFESSOR (CLASS_NO, PROFESSOR_NO)
VALUES ('C2925400', 'P093');
INSERT INTO TB_CLASS_PROFESSOR (CLASS_NO, PROFESSOR_NO)
VALUES ('C0736748', 'P093');
INSERT INTO TB_CLASS_PROFESSOR (CLASS_NO, PROFESSOR_NO)
VALUES ('C0737548', 'P093');
INSERT INTO TB_CLASS_PROFESSOR (CLASS_NO, PROFESSOR_NO)
VALUES ('C0247800', 'P077');
INSERT INTO TB_CLASS_PROFESSOR (CLASS_NO, PROFESSOR_NO)
VALUES ('C0250700', 'P077');
INSERT INTO TB_CLASS_PROFESSOR (CLASS_NO, PROFESSOR_NO)
VALUES ('C0251600', 'P077');
INSERT INTO TB_CLASS_PROFESSOR (CLASS_NO, PROFESSOR_NO)
VALUES ('C2547800', 'P077');
INSERT INTO TB_CLASS_PROFESSOR (CLASS_NO, PROFESSOR_NO)
VALUES ('C2468800', 'P077');
INSERT INTO TB_CLASS_PROFESSOR (CLASS_NO, PROFESSOR_NO)
VALUES ('C2548000', 'P077');
INSERT INTO TB_CLASS_PROFESSOR (CLASS_NO, PROFESSOR_NO)
VALUES ('C0247800', 'P088');
INSERT INTO TB_CLASS_PROFESSOR (CLASS_NO, PROFESSOR_NO)
VALUES ('C0250700', 'P088');
INSERT INTO TB_CLASS_PROFESSOR (CLASS_NO, PROFESSOR_NO)
VALUES ('C0251600', 'P088');
INSERT INTO TB_CLASS_PROFESSOR (CLASS_NO, PROFESSOR_NO)
VALUES ('C2548000', 'P088');
INSERT INTO TB_CLASS_PROFESSOR (CLASS_NO, PROFESSOR_NO)
VALUES ('C4036800', 'P088');
INSERT INTO TB_CLASS_PROFESSOR (CLASS_NO, PROFESSOR_NO)
VALUES ('C0737080', 'P088');
INSERT INTO TB_CLASS_PROFESSOR (CLASS_NO, PROFESSOR_NO)
VALUES ('C0205100', 'P019');
INSERT INTO TB_CLASS_PROFESSOR (CLASS_NO, PROFESSOR_NO)
VALUES ('C1070500', 'P019');
INSERT INTO TB_CLASS_PROFESSOR (CLASS_NO, PROFESSOR_NO)
VALUES ('C2581600', 'P019');
INSERT INTO TB_CLASS_PROFESSOR (CLASS_NO, PROFESSOR_NO)
VALUES ('C4114500', 'P019');
INSERT INTO TB_CLASS_PROFESSOR (CLASS_NO, PROFESSOR_NO)
VALUES ('C1128500', 'P019');
INSERT INTO TB_CLASS_PROFESSOR (CLASS_NO, PROFESSOR_NO)
VALUES ('C2491900', 'P019');
INSERT INTO TB_CLASS_PROFESSOR (CLASS_NO, PROFESSOR_NO)
VALUES ('C0737551', 'P019');
INSERT INTO TB_CLASS_PROFESSOR (CLASS_NO, PROFESSOR_NO)
VALUES ('C1128501', 'P091');
INSERT INTO TB_CLASS_PROFESSOR (CLASS_NO, PROFESSOR_NO)
VALUES ('C4114500', 'P091');
INSERT INTO TB_CLASS_PROFESSOR (CLASS_NO, PROFESSOR_NO)
VALUES ('C0197400', 'P091');
INSERT INTO TB_CLASS_PROFESSOR (CLASS_NO, PROFESSOR_NO)
VALUES ('C2485200', 'P091');
INSERT INTO TB_CLASS_PROFESSOR (CLASS_NO, PROFESSOR_NO)
VALUES ('C2548900', 'P091');
INSERT INTO TB_CLASS_PROFESSOR (CLASS_NO, PROFESSOR_NO)
VALUES ('C0736751', 'P091');
INSERT INTO TB_CLASS_PROFESSOR (CLASS_NO, PROFESSOR_NO)
VALUES ('C1128501', 'P090');
INSERT INTO TB_CLASS_PROFESSOR (CLASS_NO, PROFESSOR_NO)
VALUES ('C0197400', 'P090');
INSERT INTO TB_CLASS_PROFESSOR (CLASS_NO, PROFESSOR_NO)
VALUES ('C1128500', 'P090');
INSERT INTO TB_CLASS_PROFESSOR (CLASS_NO, PROFESSOR_NO)
VALUES ('C2485200', 'P090');
INSERT INTO TB_CLASS_PROFESSOR (CLASS_NO, PROFESSOR_NO)
VALUES ('C2491900', 'P090');
INSERT INTO TB_CLASS_PROFESSOR (CLASS_NO, PROFESSOR_NO)
VALUES ('C0736751', 'P090');
INSERT INTO TB_CLASS_PROFESSOR (CLASS_NO, PROFESSOR_NO)
VALUES ('C0737551', 'P090');
INSERT INTO TB_CLASS_PROFESSOR (CLASS_NO, PROFESSOR_NO)
VALUES ('C1146100', 'P106');
INSERT INTO TB_CLASS_PROFESSOR (CLASS_NO, PROFESSOR_NO)
VALUES ('C1795900', 'P106');
INSERT INTO TB_CLASS_PROFESSOR (CLASS_NO, PROFESSOR_NO)
VALUES ('C3095200', 'P106');
INSERT INTO TB_CLASS_PROFESSOR (CLASS_NO, PROFESSOR_NO)
VALUES ('C4880400', 'P106');
INSERT INTO TB_CLASS_PROFESSOR (CLASS_NO, PROFESSOR_NO)
VALUES ('C0736752', 'P106');
INSERT INTO TB_CLASS_PROFESSOR (CLASS_NO, PROFESSOR_NO)
VALUES ('C0737052', 'P106');
INSERT INTO TB_CLASS_PROFESSOR (CLASS_NO, PROFESSOR_NO)
VALUES ('C0737552', 'P106');
INSERT INTO TB_CLASS_PROFESSOR (CLASS_NO, PROFESSOR_NO)
VALUES ('C0838900', 'P034');
INSERT INTO TB_CLASS_PROFESSOR (CLASS_NO, PROFESSOR_NO)
VALUES ('C0905200', 'P034');
INSERT INTO TB_CLASS_PROFESSOR (CLASS_NO, PROFESSOR_NO)
VALUES ('C1697000', 'P034');
INSERT INTO TB_CLASS_PROFESSOR (CLASS_NO, PROFESSOR_NO)
VALUES ('C4501400', 'P034');
INSERT INTO TB_CLASS_PROFESSOR (CLASS_NO, PROFESSOR_NO)
VALUES ('C3215100', 'P034');
INSERT INTO TB_CLASS_PROFESSOR (CLASS_NO, PROFESSOR_NO)
VALUES ('C0736753', 'P034');
INSERT INTO TB_CLASS_PROFESSOR (CLASS_NO, PROFESSOR_NO)
VALUES ('C0737053', 'P034');
INSERT INTO TB_CLASS_PROFESSOR (CLASS_NO, PROFESSOR_NO)
VALUES ('C0737553', 'P034');
INSERT INTO TB_CLASS_PROFESSOR (CLASS_NO, PROFESSOR_NO)
VALUES ('C0538400', 'P071');
INSERT INTO TB_CLASS_PROFESSOR (CLASS_NO, PROFESSOR_NO)
VALUES ('C0838900', 'P071');
INSERT INTO TB_CLASS_PROFESSOR (CLASS_NO, PROFESSOR_NO)
VALUES ('C0905200', 'P071');
INSERT INTO TB_CLASS_PROFESSOR (CLASS_NO, PROFESSOR_NO)
VALUES ('C0737053', 'P071');
INSERT INTO TB_CLASS_PROFESSOR (CLASS_NO, PROFESSOR_NO)
VALUES ('C0138400', 'P022');
INSERT INTO TB_CLASS_PROFESSOR (CLASS_NO, PROFESSOR_NO)
VALUES ('C2307000', 'P022');
INSERT INTO TB_CLASS_PROFESSOR (CLASS_NO, PROFESSOR_NO)
VALUES ('C1775400', 'P023');
INSERT INTO TB_CLASS_PROFESSOR (CLASS_NO, PROFESSOR_NO)
VALUES ('C3803900', 'P023');
INSERT INTO TB_CLASS_PROFESSOR (CLASS_NO, PROFESSOR_NO)
VALUES ('C3804400', 'P023');
INSERT INTO TB_CLASS_PROFESSOR (CLASS_NO, PROFESSOR_NO)
VALUES ('C0737055', 'P023');
INSERT INTO TB_CLASS_PROFESSOR (CLASS_NO, PROFESSOR_NO)
VALUES ('C0737555', 'P057');
INSERT INTO TB_CLASS_PROFESSOR (CLASS_NO, PROFESSOR_NO)
VALUES ('C1694500', 'P044');
INSERT INTO TB_CLASS_PROFESSOR (CLASS_NO, PROFESSOR_NO)
VALUES ('C2011900', 'P044');
INSERT INTO TB_CLASS_PROFESSOR (CLASS_NO, PROFESSOR_NO)
VALUES ('C2489700', 'P044');
INSERT INTO TB_CLASS_PROFESSOR (CLASS_NO, PROFESSOR_NO)
VALUES ('C3108400', 'P044');
INSERT INTO TB_CLASS_PROFESSOR (CLASS_NO, PROFESSOR_NO)
VALUES ('C0737057', 'P044');
INSERT INTO TB_CLASS_PROFESSOR (CLASS_NO, PROFESSOR_NO)
VALUES ('C5008300', 'P005');
INSERT INTO TB_CLASS_PROFESSOR (CLASS_NO, PROFESSOR_NO)
VALUES ('C0736758', 'P005');
INSERT INTO TB_CLASS_PROFESSOR (CLASS_NO, PROFESSOR_NO)
VALUES ('C0810500', 'P111');
INSERT INTO TB_CLASS_PROFESSOR (CLASS_NO, PROFESSOR_NO)
VALUES ('C0737558', 'P111');
INSERT INTO TB_CLASS_PROFESSOR (CLASS_NO, PROFESSOR_NO)
VALUES ('C4501900', 'P049');
INSERT INTO TB_CLASS_PROFESSOR (CLASS_NO, PROFESSOR_NO)
VALUES ('C4502000', 'P049');
INSERT INTO TB_CLASS_PROFESSOR (CLASS_NO, PROFESSOR_NO)
VALUES ('C0737059', 'P049');
INSERT INTO TB_CLASS_PROFESSOR (CLASS_NO, PROFESSOR_NO)
VALUES ('C1381400', 'P053');
INSERT INTO TB_CLASS_PROFESSOR (CLASS_NO, PROFESSOR_NO)
VALUES ('C4502000', 'P053');
INSERT INTO TB_CLASS_PROFESSOR (CLASS_NO, PROFESSOR_NO)
VALUES ('C0085200', 'P073');
INSERT INTO TB_CLASS_PROFESSOR (CLASS_NO, PROFESSOR_NO)
VALUES ('C0089400', 'P073');
INSERT INTO TB_CLASS_PROFESSOR (CLASS_NO, PROFESSOR_NO)
VALUES ('C1666600', 'P073');
INSERT INTO TB_CLASS_PROFESSOR (CLASS_NO, PROFESSOR_NO)
VALUES ('C0069400', 'P073');
INSERT INTO TB_CLASS_PROFESSOR (CLASS_NO, PROFESSOR_NO)
VALUES ('C0086100', 'P073');
INSERT INTO TB_CLASS_PROFESSOR (CLASS_NO, PROFESSOR_NO)
VALUES ('C4866400', 'P073');
INSERT INTO TB_CLASS_PROFESSOR (CLASS_NO, PROFESSOR_NO)
VALUES ('C5014200', 'P073');
INSERT INTO TB_CLASS_PROFESSOR (CLASS_NO, PROFESSOR_NO)
VALUES ('C5015800', 'P073');
INSERT INTO TB_CLASS_PROFESSOR (CLASS_NO, PROFESSOR_NO)
VALUES ('C1359800', 'P073');
INSERT INTO TB_CLASS_PROFESSOR (CLASS_NO, PROFESSOR_NO)
VALUES ('C4969300', 'P073');
INSERT INTO TB_CLASS_PROFESSOR (CLASS_NO, PROFESSOR_NO)
VALUES ('C4843600', 'P073');
INSERT INTO TB_CLASS_PROFESSOR (CLASS_NO, PROFESSOR_NO)
VALUES ('C2243200', 'P073');
INSERT INTO TB_CLASS_PROFESSOR (CLASS_NO, PROFESSOR_NO)
VALUES ('C5008200', 'P073');
INSERT INTO TB_CLASS_PROFESSOR (CLASS_NO, PROFESSOR_NO)
VALUES ('C4250100', 'P073');
INSERT INTO TB_CLASS_PROFESSOR (CLASS_NO, PROFESSOR_NO)
VALUES ('C0736760', 'P073');
INSERT INTO TB_CLASS_PROFESSOR (CLASS_NO, PROFESSOR_NO)
VALUES ('C5009300', 'P010');
INSERT INTO TB_CLASS_PROFESSOR (CLASS_NO, PROFESSOR_NO)
VALUES ('C3081300', 'P010');
INSERT INTO TB_CLASS_PROFESSOR (CLASS_NO, PROFESSOR_NO)
VALUES ('C3087400', 'P010');
INSERT INTO TB_CLASS_PROFESSOR (CLASS_NO, PROFESSOR_NO)
VALUES ('C4139300', 'P010');
INSERT INTO TB_CLASS_PROFESSOR (CLASS_NO, PROFESSOR_NO)
VALUES ('C5009300', 'P016');
INSERT INTO TB_CLASS_PROFESSOR (CLASS_NO, PROFESSOR_NO)
VALUES ('C3016200', 'P016');
INSERT INTO TB_CLASS_PROFESSOR (CLASS_NO, PROFESSOR_NO)
VALUES ('C3087400', 'P016');
INSERT INTO TB_CLASS_PROFESSOR (CLASS_NO, PROFESSOR_NO)
VALUES ('C4477600', 'P016');
INSERT INTO TB_CLASS_PROFESSOR (CLASS_NO, PROFESSOR_NO)
VALUES ('C3081300', 'P109');
INSERT INTO TB_CLASS_PROFESSOR (CLASS_NO, PROFESSOR_NO)
VALUES ('C3087400', 'P109');
INSERT INTO TB_CLASS_PROFESSOR (CLASS_NO, PROFESSOR_NO)
VALUES ('C4139300', 'P109');
INSERT INTO TB_CLASS_PROFESSOR (CLASS_NO, PROFESSOR_NO)
VALUES ('C5009300', 'P084');
INSERT INTO TB_CLASS_PROFESSOR (CLASS_NO, PROFESSOR_NO)
VALUES ('C4139300', 'P084');
INSERT INTO TB_CLASS_PROFESSOR (CLASS_NO, PROFESSOR_NO)
VALUES ('C0736707', 'P084');
INSERT INTO TB_CLASS_PROFESSOR (CLASS_NO, PROFESSOR_NO)
VALUES ('C0737007', 'P084');
INSERT INTO TB_CLASS_PROFESSOR (CLASS_NO, PROFESSOR_NO)
VALUES ('C4477600', 'P060');
INSERT INTO TB_CLASS_PROFESSOR (CLASS_NO, PROFESSOR_NO)
VALUES ('C4139300', 'P060');
INSERT INTO TB_CLASS_PROFESSOR (CLASS_NO, PROFESSOR_NO)
VALUES ('C0736707', 'P060');
INSERT INTO TB_CLASS_PROFESSOR (CLASS_NO, PROFESSOR_NO)
VALUES ('C0737007', 'P060');
INSERT INTO TB_CLASS_PROFESSOR (CLASS_NO, PROFESSOR_NO)
VALUES ('C0737507', 'P060');
INSERT INTO TB_CLASS_PROFESSOR (CLASS_NO, PROFESSOR_NO)
VALUES ('C0227400', 'P007');
INSERT INTO TB_CLASS_PROFESSOR (CLASS_NO, PROFESSOR_NO)
VALUES ('C3984400', 'P007');
INSERT INTO TB_CLASS_PROFESSOR (CLASS_NO, PROFESSOR_NO)
VALUES ('C0736709', 'P007');
INSERT INTO TB_CLASS_PROFESSOR (CLASS_NO, PROFESSOR_NO)
VALUES ('C1411900', 'P080');
INSERT INTO TB_CLASS_PROFESSOR (CLASS_NO, PROFESSOR_NO)
VALUES ('C1414100', 'P080');
INSERT INTO TB_CLASS_PROFESSOR (CLASS_NO, PROFESSOR_NO)
VALUES ('C0737522', 'P080');
INSERT INTO TB_CLASS_PROFESSOR (CLASS_NO, PROFESSOR_NO)
VALUES ('C1411900', 'P086');
INSERT INTO TB_CLASS_PROFESSOR (CLASS_NO, PROFESSOR_NO)
VALUES ('C1414100', 'P086');
INSERT INTO TB_CLASS_PROFESSOR (CLASS_NO, PROFESSOR_NO)
VALUES ('C1801100', 'P086');
INSERT INTO TB_CLASS_PROFESSOR (CLASS_NO, PROFESSOR_NO)
VALUES ('C5005000', 'P086');
INSERT INTO TB_CLASS_PROFESSOR (CLASS_NO, PROFESSOR_NO)
VALUES ('C0736722', 'P086');
INSERT INTO TB_CLASS_PROFESSOR (CLASS_NO, PROFESSOR_NO)
VALUES ('C0737022', 'P086');
INSERT INTO TB_CLASS_PROFESSOR (CLASS_NO, PROFESSOR_NO)
VALUES ('C0737522', 'P086');
INSERT INTO TB_CLASS_PROFESSOR (CLASS_NO, PROFESSOR_NO)
VALUES ('C1660500', 'P098');
INSERT INTO TB_CLASS_PROFESSOR (CLASS_NO, PROFESSOR_NO)
VALUES ('C4834000', 'P098');
INSERT INTO TB_CLASS_PROFESSOR (CLASS_NO, PROFESSOR_NO)
VALUES ('C0737011', 'P098');
INSERT INTO TB_CLASS_PROFESSOR (CLASS_NO, PROFESSOR_NO)
VALUES ('C0737511', 'P098');
INSERT INTO TB_CLASS_PROFESSOR (CLASS_NO, PROFESSOR_NO)
VALUES ('C1691001', 'P003');
INSERT INTO TB_CLASS_PROFESSOR (CLASS_NO, PROFESSOR_NO)
VALUES ('C1939800', 'P003');
INSERT INTO TB_CLASS_PROFESSOR (CLASS_NO, PROFESSOR_NO)
VALUES ('C1943900', 'P003');
INSERT INTO TB_CLASS_PROFESSOR (CLASS_NO, PROFESSOR_NO)
VALUES ('C0736715', 'P003');
INSERT INTO TB_CLASS_PROFESSOR (CLASS_NO, PROFESSOR_NO)
VALUES ('C0737015', 'P003');
INSERT INTO TB_CLASS_PROFESSOR (CLASS_NO, PROFESSOR_NO)
VALUES ('C1691001', 'P083');
INSERT INTO TB_CLASS_PROFESSOR (CLASS_NO, PROFESSOR_NO)
VALUES ('C1939800', 'P083');
INSERT INTO TB_CLASS_PROFESSOR (CLASS_NO, PROFESSOR_NO)
VALUES ('C1943900', 'P083');
INSERT INTO TB_CLASS_PROFESSOR (CLASS_NO, PROFESSOR_NO)
VALUES ('C0736715', 'P083');
INSERT INTO TB_CLASS_PROFESSOR (CLASS_NO, PROFESSOR_NO)
VALUES ('C0737015', 'P083');
INSERT INTO TB_CLASS_PROFESSOR (CLASS_NO, PROFESSOR_NO)
VALUES ('C1939800', 'P061');
INSERT INTO TB_CLASS_PROFESSOR (CLASS_NO, PROFESSOR_NO)
VALUES ('C1955400', 'P061');
INSERT INTO TB_CLASS_PROFESSOR (CLASS_NO, PROFESSOR_NO)
VALUES ('C0737515', 'P061');
INSERT INTO TB_CLASS_PROFESSOR (CLASS_NO, PROFESSOR_NO)
VALUES ('C0737515', 'P028');
INSERT INTO TB_CLASS_PROFESSOR (CLASS_NO, PROFESSOR_NO)
VALUES ('C2456300', 'P018');
INSERT INTO TB_CLASS_PROFESSOR (CLASS_NO, PROFESSOR_NO)
VALUES ('C3409500', 'P018');
INSERT INTO TB_CLASS_PROFESSOR (CLASS_NO, PROFESSOR_NO)
VALUES ('C1923200', 'P018');
INSERT INTO TB_CLASS_PROFESSOR (CLASS_NO, PROFESSOR_NO)
VALUES ('C0736700', 'P018');
INSERT INTO TB_CLASS_PROFESSOR (CLASS_NO, PROFESSOR_NO)
VALUES ('C2456300', 'P027');
INSERT INTO TB_CLASS_PROFESSOR (CLASS_NO, PROFESSOR_NO)
VALUES ('C2459700', 'P027');
INSERT INTO TB_CLASS_PROFESSOR (CLASS_NO, PROFESSOR_NO)
VALUES ('C1923200', 'P027');
INSERT INTO TB_CLASS_PROFESSOR (CLASS_NO, PROFESSOR_NO)
VALUES ('C0736700', 'P027');
INSERT INTO TB_CLASS_PROFESSOR (CLASS_NO, PROFESSOR_NO)
VALUES ('C0737000', 'P027');
INSERT INTO TB_CLASS_PROFESSOR (CLASS_NO, PROFESSOR_NO)
VALUES ('C3409500', 'P112');
INSERT INTO TB_CLASS_PROFESSOR (CLASS_NO, PROFESSOR_NO)
VALUES ('C0736700', 'P112');
INSERT INTO TB_CLASS_PROFESSOR (CLASS_NO, PROFESSOR_NO)
VALUES ('C0737503', 'P112');
INSERT INTO TB_CLASS_PROFESSOR (CLASS_NO, PROFESSOR_NO)
VALUES ('C1018500', 'P031');
INSERT INTO TB_CLASS_PROFESSOR (CLASS_NO, PROFESSOR_NO)
VALUES ('C1322500', 'P031');
INSERT INTO TB_CLASS_PROFESSOR (CLASS_NO, PROFESSOR_NO)
VALUES ('C3999400', 'P031');
INSERT INTO TB_CLASS_PROFESSOR (CLASS_NO, PROFESSOR_NO)
VALUES ('C0737520', 'P031');
INSERT INTO TB_CLASS_PROFESSOR (CLASS_NO, PROFESSOR_NO)
VALUES ('C1322500', 'P089');
INSERT INTO TB_CLASS_PROFESSOR (CLASS_NO, PROFESSOR_NO)
VALUES ('C1328400', 'P089');
INSERT INTO TB_CLASS_PROFESSOR (CLASS_NO, PROFESSOR_NO)
VALUES ('C2598300', 'P089');
INSERT INTO TB_CLASS_PROFESSOR (CLASS_NO, PROFESSOR_NO)
VALUES ('C0737520', 'P089');
INSERT INTO TB_CLASS_PROFESSOR (CLASS_NO, PROFESSOR_NO)
VALUES ('C4804700', 'P004');
INSERT INTO TB_CLASS_PROFESSOR (CLASS_NO, PROFESSOR_NO)
VALUES ('C4551400', 'P004');
INSERT INTO TB_CLASS_PROFESSOR (CLASS_NO, PROFESSOR_NO)
VALUES ('C7592100', 'P004');
INSERT INTO TB_CLASS_PROFESSOR (CLASS_NO, PROFESSOR_NO)
VALUES ('C1833200', 'P004');
INSERT INTO TB_CLASS_PROFESSOR (CLASS_NO, PROFESSOR_NO)
VALUES ('C4508900', 'P004');
INSERT INTO TB_CLASS_PROFESSOR (CLASS_NO, PROFESSOR_NO)
VALUES ('C4235600', 'P004');
INSERT INTO TB_CLASS_PROFESSOR (CLASS_NO, PROFESSOR_NO)
VALUES ('C0736712', 'P004');
INSERT INTO TB_CLASS_PROFESSOR (CLASS_NO, PROFESSOR_NO)
VALUES ('C0737012', 'P004');
INSERT INTO TB_CLASS_PROFESSOR (CLASS_NO, PROFESSOR_NO)
VALUES ('C5004300', 'P076');
INSERT INTO TB_CLASS_PROFESSOR (CLASS_NO, PROFESSOR_NO)
VALUES ('C0186200', 'P082');
INSERT INTO TB_CLASS_PROFESSOR (CLASS_NO, PROFESSOR_NO)
VALUES ('C4837400', 'P082');
INSERT INTO TB_CLASS_PROFESSOR (CLASS_NO, PROFESSOR_NO)
VALUES ('C0460100', 'P082');
INSERT INTO TB_CLASS_PROFESSOR (CLASS_NO, PROFESSOR_NO)
VALUES ('C4233400', 'P082');
INSERT INTO TB_CLASS_PROFESSOR (CLASS_NO, PROFESSOR_NO)
VALUES ('C5004300', 'P082');
INSERT INTO TB_CLASS_PROFESSOR (CLASS_NO, PROFESSOR_NO)
VALUES ('C3613500', 'P082');
INSERT INTO TB_CLASS_PROFESSOR (CLASS_NO, PROFESSOR_NO)
VALUES ('C0736723', 'P082');
INSERT INTO TB_CLASS_PROFESSOR (CLASS_NO, PROFESSOR_NO)
VALUES ('C0737523', 'P082');
INSERT INTO TB_CLASS_PROFESSOR (CLASS_NO, PROFESSOR_NO)
VALUES ('C0108600', 'P039');
INSERT INTO TB_CLASS_PROFESSOR (CLASS_NO, PROFESSOR_NO)
VALUES ('C0109700', 'P039');
INSERT INTO TB_CLASS_PROFESSOR (CLASS_NO, PROFESSOR_NO)
VALUES ('C0110700', 'P039');
INSERT INTO TB_CLASS_PROFESSOR (CLASS_NO, PROFESSOR_NO)
VALUES ('C0131700', 'P039');
INSERT INTO TB_CLASS_PROFESSOR (CLASS_NO, PROFESSOR_NO)
VALUES ('C0211600', 'P039');
INSERT INTO TB_CLASS_PROFESSOR (CLASS_NO, PROFESSOR_NO)
VALUES ('C2910700', 'P039');
INSERT INTO TB_CLASS_PROFESSOR (CLASS_NO, PROFESSOR_NO)
VALUES ('C3222400', 'P039');
INSERT INTO TB_CLASS_PROFESSOR (CLASS_NO, PROFESSOR_NO)
VALUES ('C0736721', 'P039');
INSERT INTO TB_CLASS_PROFESSOR (CLASS_NO, PROFESSOR_NO)
VALUES ('C0737021', 'P039');
INSERT INTO TB_CLASS_PROFESSOR (CLASS_NO, PROFESSOR_NO)
VALUES ('C0737521', 'P039');
INSERT INTO TB_CLASS_PROFESSOR (CLASS_NO, PROFESSOR_NO)
VALUES ('C0107300', 'P087');
INSERT INTO TB_CLASS_PROFESSOR (CLASS_NO, PROFESSOR_NO)
VALUES ('C0108600', 'P087');
INSERT INTO TB_CLASS_PROFESSOR (CLASS_NO, PROFESSOR_NO)
VALUES ('C0134700', 'P087');
INSERT INTO TB_CLASS_PROFESSOR (CLASS_NO, PROFESSOR_NO)
VALUES ('C0211600', 'P087');
INSERT INTO TB_CLASS_PROFESSOR (CLASS_NO, PROFESSOR_NO)
VALUES ('C0715300', 'P087');
INSERT INTO TB_CLASS_PROFESSOR (CLASS_NO, PROFESSOR_NO)
VALUES ('C3222400', 'P087');
INSERT INTO TB_CLASS_PROFESSOR (CLASS_NO, PROFESSOR_NO)
VALUES ('C3616700', 'P087');
INSERT INTO TB_CLASS_PROFESSOR (CLASS_NO, PROFESSOR_NO)
VALUES ('C0736721', 'P087');
INSERT INTO TB_CLASS_PROFESSOR (CLASS_NO, PROFESSOR_NO)
VALUES ('C0737521', 'P087');
INSERT INTO TB_CLASS_PROFESSOR (CLASS_NO, PROFESSOR_NO)
VALUES ('C0108600', 'P107');
INSERT INTO TB_CLASS_PROFESSOR (CLASS_NO, PROFESSOR_NO)
VALUES ('C0134700', 'P107');
INSERT INTO TB_CLASS_PROFESSOR (CLASS_NO, PROFESSOR_NO)
VALUES ('C0211600', 'P107');
INSERT INTO TB_CLASS_PROFESSOR (CLASS_NO, PROFESSOR_NO)
VALUES ('C2910700', 'P107');
INSERT INTO TB_CLASS_PROFESSOR (CLASS_NO, PROFESSOR_NO)
VALUES ('C0737021', 'P107');
INSERT INTO TB_CLASS_PROFESSOR (CLASS_NO, PROFESSOR_NO)
VALUES ('C0215400', 'P043');
INSERT INTO TB_CLASS_PROFESSOR (CLASS_NO, PROFESSOR_NO)
VALUES ('C1732200', 'P043');
INSERT INTO TB_CLASS_PROFESSOR (CLASS_NO, PROFESSOR_NO)
VALUES ('C1765200', 'P043');
INSERT INTO TB_CLASS_PROFESSOR (CLASS_NO, PROFESSOR_NO)
VALUES ('C0736710', 'P043');
INSERT INTO TB_CLASS_PROFESSOR (CLASS_NO, PROFESSOR_NO)
VALUES ('C0737510', 'P043');
INSERT INTO TB_CLASS_PROFESSOR (CLASS_NO, PROFESSOR_NO)
VALUES ('C1905600', 'P045');
INSERT INTO TB_CLASS_PROFESSOR (CLASS_NO, PROFESSOR_NO)
VALUES ('C0737027', 'P045');
INSERT INTO TB_CLASS_PROFESSOR (CLASS_NO, PROFESSOR_NO)
VALUES ('C0282700', 'P101');
INSERT INTO TB_CLASS_PROFESSOR (CLASS_NO, PROFESSOR_NO)
VALUES ('C0736727', 'P101');
INSERT INTO TB_CLASS_PROFESSOR (CLASS_NO, PROFESSOR_NO)
VALUES ('C0737527', 'P101');
INSERT INTO TB_CLASS_PROFESSOR (CLASS_NO, PROFESSOR_NO)
VALUES ('C4101600', 'P030');
INSERT INTO TB_CLASS_PROFESSOR (CLASS_NO, PROFESSOR_NO)
VALUES ('C0736732', 'P030');
INSERT INTO TB_CLASS_PROFESSOR (CLASS_NO, PROFESSOR_NO)
VALUES ('C0737032', 'P030');
INSERT INTO TB_CLASS_PROFESSOR (CLASS_NO, PROFESSOR_NO)
VALUES ('C0737532', 'P030');
INSERT INTO TB_CLASS_PROFESSOR (CLASS_NO, PROFESSOR_NO)
VALUES ('C1130500', 'P099');
INSERT INTO TB_CLASS_PROFESSOR (CLASS_NO, PROFESSOR_NO)
VALUES ('C1413500', 'P099');
INSERT INTO TB_CLASS_PROFESSOR (CLASS_NO, PROFESSOR_NO)
VALUES ('C1796700', 'P099');
INSERT INTO TB_CLASS_PROFESSOR (CLASS_NO, PROFESSOR_NO)
VALUES ('C4101600', 'P099');
INSERT INTO TB_CLASS_PROFESSOR (CLASS_NO, PROFESSOR_NO)
VALUES ('C4102300', 'P099');
INSERT INTO TB_CLASS_PROFESSOR (CLASS_NO, PROFESSOR_NO)
VALUES ('C4113100', 'P099');
INSERT INTO TB_CLASS_PROFESSOR (CLASS_NO, PROFESSOR_NO)
VALUES ('C1130500', 'P032');
INSERT INTO TB_CLASS_PROFESSOR (CLASS_NO, PROFESSOR_NO)
VALUES ('C1413500', 'P032');
INSERT INTO TB_CLASS_PROFESSOR (CLASS_NO, PROFESSOR_NO)
VALUES ('C4113100', 'P032');
INSERT INTO TB_CLASS_PROFESSOR (CLASS_NO, PROFESSOR_NO)
VALUES ('C0737532', 'P032');
INSERT INTO TB_CLASS_PROFESSOR (CLASS_NO, PROFESSOR_NO)
VALUES ('C4509600', 'P001');
INSERT INTO TB_CLASS_PROFESSOR (CLASS_NO, PROFESSOR_NO)
VALUES ('C4429600', 'P001');
INSERT INTO TB_CLASS_PROFESSOR (CLASS_NO, PROFESSOR_NO)
VALUES ('C0737008', 'P001');
INSERT INTO TB_CLASS_PROFESSOR (CLASS_NO, PROFESSOR_NO)
VALUES ('C1711700', 'P006');
INSERT INTO TB_CLASS_PROFESSOR (CLASS_NO, PROFESSOR_NO)
VALUES ('C4509600', 'P006');
INSERT INTO TB_CLASS_PROFESSOR (CLASS_NO, PROFESSOR_NO)
VALUES ('C4429600', 'P006');
INSERT INTO TB_CLASS_PROFESSOR (CLASS_NO, PROFESSOR_NO)
VALUES ('C0737008', 'P006');
INSERT INTO TB_CLASS_PROFESSOR (CLASS_NO, PROFESSOR_NO)
VALUES ('C4429600', 'P047');
INSERT INTO TB_CLASS_PROFESSOR (CLASS_NO, PROFESSOR_NO)
VALUES ('C2950100', 'P047');
INSERT INTO TB_CLASS_PROFESSOR (CLASS_NO, PROFESSOR_NO)
VALUES ('C0736708', 'P047');
INSERT INTO TB_CLASS_PROFESSOR (CLASS_NO, PROFESSOR_NO)
VALUES ('C0070700', 'P036');
INSERT INTO TB_CLASS_PROFESSOR (CLASS_NO, PROFESSOR_NO)
VALUES ('C0234900', 'P036');
INSERT INTO TB_CLASS_PROFESSOR (CLASS_NO, PROFESSOR_NO)
VALUES ('C0458100', 'P036');
INSERT INTO TB_CLASS_PROFESSOR (CLASS_NO, PROFESSOR_NO)
VALUES ('C0463300', 'P036');
INSERT INTO TB_CLASS_PROFESSOR (CLASS_NO, PROFESSOR_NO)
VALUES ('C0498400', 'P036');
INSERT INTO TB_CLASS_PROFESSOR (CLASS_NO, PROFESSOR_NO)
VALUES ('C0749800', 'P036');
INSERT INTO TB_CLASS_PROFESSOR (CLASS_NO, PROFESSOR_NO)
VALUES ('C1037700', 'P036');
INSERT INTO TB_CLASS_PROFESSOR (CLASS_NO, PROFESSOR_NO)
VALUES ('C1038400', 'P036');
INSERT INTO TB_CLASS_PROFESSOR (CLASS_NO, PROFESSOR_NO)
VALUES ('C1053500', 'P036');
INSERT INTO TB_CLASS_PROFESSOR (CLASS_NO, PROFESSOR_NO)
VALUES ('C4235800', 'P036');
INSERT INTO TB_CLASS_PROFESSOR (CLASS_NO, PROFESSOR_NO)
VALUES ('C1364700', 'P036');
INSERT INTO TB_CLASS_PROFESSOR (CLASS_NO, PROFESSOR_NO)
VALUES ('C1395000', 'P036');
INSERT INTO TB_CLASS_PROFESSOR (CLASS_NO, PROFESSOR_NO)
VALUES ('C1656100', 'P036');
INSERT INTO TB_CLASS_PROFESSOR (CLASS_NO, PROFESSOR_NO)
VALUES ('C1711300', 'P036');
INSERT INTO TB_CLASS_PROFESSOR (CLASS_NO, PROFESSOR_NO)
VALUES ('C1777400', 'P036');
INSERT INTO TB_CLASS_PROFESSOR (CLASS_NO, PROFESSOR_NO)
VALUES ('C5008700', 'P036');
INSERT INTO TB_CLASS_PROFESSOR (CLASS_NO, PROFESSOR_NO)
VALUES ('C1808800', 'P036');
INSERT INTO TB_CLASS_PROFESSOR (CLASS_NO, PROFESSOR_NO)
VALUES ('C1836400', 'P036');
INSERT INTO TB_CLASS_PROFESSOR (CLASS_NO, PROFESSOR_NO)
VALUES ('C1957700', 'P036');
INSERT INTO TB_CLASS_PROFESSOR (CLASS_NO, PROFESSOR_NO)
VALUES ('C2236600', 'P036');
INSERT INTO TB_CLASS_PROFESSOR (CLASS_NO, PROFESSOR_NO)
VALUES ('C2412300', 'P036');
INSERT INTO TB_CLASS_PROFESSOR (CLASS_NO, PROFESSOR_NO)
VALUES ('C2471400', 'P036');
INSERT INTO TB_CLASS_PROFESSOR (CLASS_NO, PROFESSOR_NO)
VALUES ('C2480200', 'P036');
INSERT INTO TB_CLASS_PROFESSOR (CLASS_NO, PROFESSOR_NO)
VALUES ('C2527800', 'P036');
INSERT INTO TB_CLASS_PROFESSOR (CLASS_NO, PROFESSOR_NO)
VALUES ('C2585200', 'P036');
INSERT INTO TB_CLASS_PROFESSOR (CLASS_NO, PROFESSOR_NO)
VALUES ('C3045100', 'P036');
INSERT INTO TB_CLASS_PROFESSOR (CLASS_NO, PROFESSOR_NO)
VALUES ('C3045700', 'P036');
INSERT INTO TB_CLASS_PROFESSOR (CLASS_NO, PROFESSOR_NO)
VALUES ('C3112800', 'P036');
INSERT INTO TB_CLASS_PROFESSOR (CLASS_NO, PROFESSOR_NO)
VALUES ('C3131000', 'P036');
INSERT INTO TB_CLASS_PROFESSOR (CLASS_NO, PROFESSOR_NO)
VALUES ('C4893000', 'P036');
INSERT INTO TB_CLASS_PROFESSOR (CLASS_NO, PROFESSOR_NO)
VALUES ('C3753100', 'P036');
INSERT INTO TB_CLASS_PROFESSOR (CLASS_NO, PROFESSOR_NO)
VALUES ('C3985500', 'P036');
INSERT INTO TB_CLASS_PROFESSOR (CLASS_NO, PROFESSOR_NO)
VALUES ('C3990000', 'P036');
INSERT INTO TB_CLASS_PROFESSOR (CLASS_NO, PROFESSOR_NO)
VALUES ('C4074600', 'P036');
INSERT INTO TB_CLASS_PROFESSOR (CLASS_NO, PROFESSOR_NO)
VALUES ('C4074900', 'P036');
INSERT INTO TB_CLASS_PROFESSOR (CLASS_NO, PROFESSOR_NO)
VALUES ('C1363700', 'P036');
INSERT INTO TB_CLASS_PROFESSOR (CLASS_NO, PROFESSOR_NO)
VALUES ('C4557200', 'P036');
INSERT INTO TB_CLASS_PROFESSOR (CLASS_NO, PROFESSOR_NO)
VALUES ('C4502200', 'P036');
INSERT INTO TB_CLASS_PROFESSOR (CLASS_NO, PROFESSOR_NO)
VALUES ('C4502100', 'P036');
INSERT INTO TB_CLASS_PROFESSOR (CLASS_NO, PROFESSOR_NO)
VALUES ('C2244600', 'P036');
INSERT INTO TB_CLASS_PROFESSOR (CLASS_NO, PROFESSOR_NO)
VALUES ('C5008900', 'P036');
INSERT INTO TB_CLASS_PROFESSOR (CLASS_NO, PROFESSOR_NO)
VALUES ('C2623400', 'P036');
INSERT INTO TB_CLASS_PROFESSOR (CLASS_NO, PROFESSOR_NO)
VALUES ('C2693500', 'P036');
INSERT INTO TB_CLASS_PROFESSOR (CLASS_NO, PROFESSOR_NO)
VALUES ('C2702300', 'P036');
INSERT INTO TB_CLASS_PROFESSOR (CLASS_NO, PROFESSOR_NO)
VALUES ('C3130400', 'P036');
INSERT INTO TB_CLASS_PROFESSOR (CLASS_NO, PROFESSOR_NO)
VALUES ('C0736761', 'P036');
INSERT INTO TB_CLASS_PROFESSOR (CLASS_NO, PROFESSOR_NO)
VALUES ('C0737061', 'P036');
INSERT INTO TB_CLASS_PROFESSOR (CLASS_NO, PROFESSOR_NO)
VALUES ('C0737561', 'P036');
INSERT INTO TB_CLASS_PROFESSOR (CLASS_NO, PROFESSOR_NO)
VALUES ('C0458100', 'P067');
INSERT INTO TB_CLASS_PROFESSOR (CLASS_NO, PROFESSOR_NO)
VALUES ('C0749800', 'P067');
INSERT INTO TB_CLASS_PROFESSOR (CLASS_NO, PROFESSOR_NO)
VALUES ('C0885600', 'P067');
INSERT INTO TB_CLASS_PROFESSOR (CLASS_NO, PROFESSOR_NO)
VALUES ('C1037700', 'P067');
INSERT INTO TB_CLASS_PROFESSOR (CLASS_NO, PROFESSOR_NO)
VALUES ('C1151500', 'P067');
INSERT INTO TB_CLASS_PROFESSOR (CLASS_NO, PROFESSOR_NO)
VALUES ('C1300500', 'P067');
INSERT INTO TB_CLASS_PROFESSOR (CLASS_NO, PROFESSOR_NO)
VALUES ('C1364700', 'P067');
INSERT INTO TB_CLASS_PROFESSOR (CLASS_NO, PROFESSOR_NO)
VALUES ('C1420000', 'P067');
INSERT INTO TB_CLASS_PROFESSOR (CLASS_NO, PROFESSOR_NO)
VALUES ('C1450100', 'P067');
INSERT INTO TB_CLASS_PROFESSOR (CLASS_NO, PROFESSOR_NO)
VALUES ('C1639000', 'P067');
INSERT INTO TB_CLASS_PROFESSOR (CLASS_NO, PROFESSOR_NO)
VALUES ('C1656100', 'P067');
INSERT INTO TB_CLASS_PROFESSOR (CLASS_NO, PROFESSOR_NO)
VALUES ('C1711300', 'P067');
INSERT INTO TB_CLASS_PROFESSOR (CLASS_NO, PROFESSOR_NO)
VALUES ('C1859200', 'P067');
INSERT INTO TB_CLASS_PROFESSOR (CLASS_NO, PROFESSOR_NO)
VALUES ('C1960300', 'P067');
INSERT INTO TB_CLASS_PROFESSOR (CLASS_NO, PROFESSOR_NO)
VALUES ('C1976000', 'P067');
INSERT INTO TB_CLASS_PROFESSOR (CLASS_NO, PROFESSOR_NO)
VALUES ('C2236600', 'P067');
INSERT INTO TB_CLASS_PROFESSOR (CLASS_NO, PROFESSOR_NO)
VALUES ('C2412300', 'P067');
INSERT INTO TB_CLASS_PROFESSOR (CLASS_NO, PROFESSOR_NO)
VALUES ('C2471400', 'P067');
INSERT INTO TB_CLASS_PROFESSOR (CLASS_NO, PROFESSOR_NO)
VALUES ('C2480200', 'P067');
INSERT INTO TB_CLASS_PROFESSOR (CLASS_NO, PROFESSOR_NO)
VALUES ('C2913600', 'P067');
INSERT INTO TB_CLASS_PROFESSOR (CLASS_NO, PROFESSOR_NO)
VALUES ('C2952200', 'P067');
INSERT INTO TB_CLASS_PROFESSOR (CLASS_NO, PROFESSOR_NO)
VALUES ('C3116800', 'P067');
INSERT INTO TB_CLASS_PROFESSOR (CLASS_NO, PROFESSOR_NO)
VALUES ('C3131000', 'P067');
INSERT INTO TB_CLASS_PROFESSOR (CLASS_NO, PROFESSOR_NO)
VALUES ('C3242700', 'P067');
INSERT INTO TB_CLASS_PROFESSOR (CLASS_NO, PROFESSOR_NO)
VALUES ('C3843900', 'P067');
INSERT INTO TB_CLASS_PROFESSOR (CLASS_NO, PROFESSOR_NO)
VALUES ('C3985500', 'P067');
INSERT INTO TB_CLASS_PROFESSOR (CLASS_NO, PROFESSOR_NO)
VALUES ('C3990000', 'P067');
INSERT INTO TB_CLASS_PROFESSOR (CLASS_NO, PROFESSOR_NO)
VALUES ('C1151100', 'P067');
INSERT INTO TB_CLASS_PROFESSOR (CLASS_NO, PROFESSOR_NO)
VALUES ('C1414101', 'P067');
INSERT INTO TB_CLASS_PROFESSOR (CLASS_NO, PROFESSOR_NO)
VALUES ('C4502200', 'P067');
INSERT INTO TB_CLASS_PROFESSOR (CLASS_NO, PROFESSOR_NO)
VALUES ('C4905800', 'P067');
INSERT INTO TB_CLASS_PROFESSOR (CLASS_NO, PROFESSOR_NO)
VALUES ('C4905700', 'P067');
INSERT INTO TB_CLASS_PROFESSOR (CLASS_NO, PROFESSOR_NO)
VALUES ('C2244600', 'P067');
INSERT INTO TB_CLASS_PROFESSOR (CLASS_NO, PROFESSOR_NO)
VALUES ('C4557100', 'P067');
INSERT INTO TB_CLASS_PROFESSOR (CLASS_NO, PROFESSOR_NO)
VALUES ('C2693500', 'P067');
INSERT INTO TB_CLASS_PROFESSOR (CLASS_NO, PROFESSOR_NO)
VALUES ('C2702300', 'P067');
INSERT INTO TB_CLASS_PROFESSOR (CLASS_NO, PROFESSOR_NO)
VALUES ('C3130400', 'P067');
INSERT INTO TB_CLASS_PROFESSOR (CLASS_NO, PROFESSOR_NO)
VALUES ('C0737061', 'P067');
INSERT INTO TB_CLASS_PROFESSOR (CLASS_NO, PROFESSOR_NO)
VALUES ('C0234900', 'P070');
INSERT INTO TB_CLASS_PROFESSOR (CLASS_NO, PROFESSOR_NO)
VALUES ('C0255500', 'P070');
INSERT INTO TB_CLASS_PROFESSOR (CLASS_NO, PROFESSOR_NO)
VALUES ('C0463300', 'P070');
INSERT INTO TB_CLASS_PROFESSOR (CLASS_NO, PROFESSOR_NO)
VALUES ('C0498400', 'P070');
INSERT INTO TB_CLASS_PROFESSOR (CLASS_NO, PROFESSOR_NO)
VALUES ('C0499700', 'P070');
INSERT INTO TB_CLASS_PROFESSOR (CLASS_NO, PROFESSOR_NO)
VALUES ('C5008800', 'P070');
INSERT INTO TB_CLASS_PROFESSOR (CLASS_NO, PROFESSOR_NO)
VALUES ('C0751000', 'P070');
INSERT INTO TB_CLASS_PROFESSOR (CLASS_NO, PROFESSOR_NO)
VALUES ('C0885600', 'P070');
INSERT INTO TB_CLASS_PROFESSOR (CLASS_NO, PROFESSOR_NO)
VALUES ('C1038400', 'P070');
INSERT INTO TB_CLASS_PROFESSOR (CLASS_NO, PROFESSOR_NO)
VALUES ('C1053500', 'P070');
INSERT INTO TB_CLASS_PROFESSOR (CLASS_NO, PROFESSOR_NO)
VALUES ('C1320600', 'P070');
INSERT INTO TB_CLASS_PROFESSOR (CLASS_NO, PROFESSOR_NO)
VALUES ('C1395000', 'P070');
INSERT INTO TB_CLASS_PROFESSOR (CLASS_NO, PROFESSOR_NO)
VALUES ('C1639000', 'P070');
INSERT INTO TB_CLASS_PROFESSOR (CLASS_NO, PROFESSOR_NO)
VALUES ('C1656100', 'P070');
INSERT INTO TB_CLASS_PROFESSOR (CLASS_NO, PROFESSOR_NO)
VALUES ('C1711300', 'P070');
INSERT INTO TB_CLASS_PROFESSOR (CLASS_NO, PROFESSOR_NO)
VALUES ('C1777400', 'P070');
INSERT INTO TB_CLASS_PROFESSOR (CLASS_NO, PROFESSOR_NO)
VALUES ('C1808800', 'P070');
INSERT INTO TB_CLASS_PROFESSOR (CLASS_NO, PROFESSOR_NO)
VALUES ('C1836400', 'P070');
INSERT INTO TB_CLASS_PROFESSOR (CLASS_NO, PROFESSOR_NO)
VALUES ('C1837600', 'P070');
INSERT INTO TB_CLASS_PROFESSOR (CLASS_NO, PROFESSOR_NO)
VALUES ('C1859200', 'P070');
INSERT INTO TB_CLASS_PROFESSOR (CLASS_NO, PROFESSOR_NO)
VALUES ('C1957700', 'P070');
INSERT INTO TB_CLASS_PROFESSOR (CLASS_NO, PROFESSOR_NO)
VALUES ('C1960300', 'P070');
INSERT INTO TB_CLASS_PROFESSOR (CLASS_NO, PROFESSOR_NO)
VALUES ('C1976000', 'P070');
INSERT INTO TB_CLASS_PROFESSOR (CLASS_NO, PROFESSOR_NO)
VALUES ('C2221800', 'P070');
INSERT INTO TB_CLASS_PROFESSOR (CLASS_NO, PROFESSOR_NO)
VALUES ('C2412300', 'P070');
INSERT INTO TB_CLASS_PROFESSOR (CLASS_NO, PROFESSOR_NO)
VALUES ('C2480200', 'P070');
INSERT INTO TB_CLASS_PROFESSOR (CLASS_NO, PROFESSOR_NO)
VALUES ('C2527800', 'P070');
INSERT INTO TB_CLASS_PROFESSOR (CLASS_NO, PROFESSOR_NO)
VALUES ('C4844300', 'P070');
INSERT INTO TB_CLASS_PROFESSOR (CLASS_NO, PROFESSOR_NO)
VALUES ('C2913600', 'P070');
INSERT INTO TB_CLASS_PROFESSOR (CLASS_NO, PROFESSOR_NO)
VALUES ('C3045100', 'P070');
INSERT INTO TB_CLASS_PROFESSOR (CLASS_NO, PROFESSOR_NO)
VALUES ('C3112800', 'P070');
INSERT INTO TB_CLASS_PROFESSOR (CLASS_NO, PROFESSOR_NO)
VALUES ('C3116800', 'P070');
INSERT INTO TB_CLASS_PROFESSOR (CLASS_NO, PROFESSOR_NO)
VALUES ('C3131000', 'P070');
INSERT INTO TB_CLASS_PROFESSOR (CLASS_NO, PROFESSOR_NO)
VALUES ('C4893000', 'P070');
INSERT INTO TB_CLASS_PROFESSOR (CLASS_NO, PROFESSOR_NO)
VALUES ('C3242700', 'P070');
INSERT INTO TB_CLASS_PROFESSOR (CLASS_NO, PROFESSOR_NO)
VALUES ('C3990000', 'P070');
INSERT INTO TB_CLASS_PROFESSOR (CLASS_NO, PROFESSOR_NO)
VALUES ('C4074900', 'P070');
INSERT INTO TB_CLASS_PROFESSOR (CLASS_NO, PROFESSOR_NO)
VALUES ('C1151100', 'P070');
INSERT INTO TB_CLASS_PROFESSOR (CLASS_NO, PROFESSOR_NO)
VALUES ('C1363700', 'P070');
INSERT INTO TB_CLASS_PROFESSOR (CLASS_NO, PROFESSOR_NO)
VALUES ('C4557200', 'P070');
INSERT INTO TB_CLASS_PROFESSOR (CLASS_NO, PROFESSOR_NO)
VALUES ('C4502200', 'P070');
INSERT INTO TB_CLASS_PROFESSOR (CLASS_NO, PROFESSOR_NO)
VALUES ('C4905800', 'P070');
INSERT INTO TB_CLASS_PROFESSOR (CLASS_NO, PROFESSOR_NO)
VALUES ('C4502300', 'P070');
INSERT INTO TB_CLASS_PROFESSOR (CLASS_NO, PROFESSOR_NO)
VALUES ('C4502100', 'P070');
INSERT INTO TB_CLASS_PROFESSOR (CLASS_NO, PROFESSOR_NO)
VALUES ('C2244600', 'P070');
INSERT INTO TB_CLASS_PROFESSOR (CLASS_NO, PROFESSOR_NO)
VALUES ('C5008900', 'P070');
INSERT INTO TB_CLASS_PROFESSOR (CLASS_NO, PROFESSOR_NO)
VALUES ('C4557100', 'P070');
INSERT INTO TB_CLASS_PROFESSOR (CLASS_NO, PROFESSOR_NO)
VALUES ('C2693500', 'P070');
INSERT INTO TB_CLASS_PROFESSOR (CLASS_NO, PROFESSOR_NO)
VALUES ('C3130400', 'P070');
INSERT INTO TB_CLASS_PROFESSOR (CLASS_NO, PROFESSOR_NO)
VALUES ('C0737061', 'P070');
INSERT INTO TB_CLASS_PROFESSOR (CLASS_NO, PROFESSOR_NO)
VALUES ('C0364700', 'P020');
INSERT INTO TB_CLASS_PROFESSOR (CLASS_NO, PROFESSOR_NO)
VALUES ('C0373000', 'P020');
INSERT INTO TB_CLASS_PROFESSOR (CLASS_NO, PROFESSOR_NO)
VALUES ('C0378500', 'P020');
INSERT INTO TB_CLASS_PROFESSOR (CLASS_NO, PROFESSOR_NO)
VALUES ('C1046600', 'P020');
INSERT INTO TB_CLASS_PROFESSOR (CLASS_NO, PROFESSOR_NO)
VALUES ('C1357500', 'P020');
INSERT INTO TB_CLASS_PROFESSOR (CLASS_NO, PROFESSOR_NO)
VALUES ('C1796300', 'P020');
INSERT INTO TB_CLASS_PROFESSOR (CLASS_NO, PROFESSOR_NO)
VALUES ('C1822200', 'P020');
INSERT INTO TB_CLASS_PROFESSOR (CLASS_NO, PROFESSOR_NO)
VALUES ('C4504700', 'P020');
INSERT INTO TB_CLASS_PROFESSOR (CLASS_NO, PROFESSOR_NO)
VALUES ('C2019500', 'P020');
INSERT INTO TB_CLASS_PROFESSOR (CLASS_NO, PROFESSOR_NO)
VALUES ('C2220900', 'P020');
INSERT INTO TB_CLASS_PROFESSOR (CLASS_NO, PROFESSOR_NO)
VALUES ('C2401400', 'P020');
INSERT INTO TB_CLASS_PROFESSOR (CLASS_NO, PROFESSOR_NO)
VALUES ('C2969800', 'P020');
INSERT INTO TB_CLASS_PROFESSOR (CLASS_NO, PROFESSOR_NO)
VALUES ('C5006900', 'P020');
INSERT INTO TB_CLASS_PROFESSOR (CLASS_NO, PROFESSOR_NO)
VALUES ('C3499800', 'P020');
INSERT INTO TB_CLASS_PROFESSOR (CLASS_NO, PROFESSOR_NO)
VALUES ('C3503400', 'P020');
INSERT INTO TB_CLASS_PROFESSOR (CLASS_NO, PROFESSOR_NO)
VALUES ('C3519900', 'P020');
INSERT INTO TB_CLASS_PROFESSOR (CLASS_NO, PROFESSOR_NO)
VALUES ('C4001200', 'P020');
INSERT INTO TB_CLASS_PROFESSOR (CLASS_NO, PROFESSOR_NO)
VALUES ('C3519300', 'P020');
INSERT INTO TB_CLASS_PROFESSOR (CLASS_NO, PROFESSOR_NO)
VALUES ('C0737563', 'P020');
INSERT INTO TB_CLASS_PROFESSOR (CLASS_NO, PROFESSOR_NO)
VALUES ('C0370300', 'P094');
INSERT INTO TB_CLASS_PROFESSOR (CLASS_NO, PROFESSOR_NO)
VALUES ('C0378500', 'P094');
INSERT INTO TB_CLASS_PROFESSOR (CLASS_NO, PROFESSOR_NO)
VALUES ('C0464200', 'P094');
INSERT INTO TB_CLASS_PROFESSOR (CLASS_NO, PROFESSOR_NO)
VALUES ('C1046600', 'P094');
INSERT INTO TB_CLASS_PROFESSOR (CLASS_NO, PROFESSOR_NO)
VALUES ('C1369900', 'P094');
INSERT INTO TB_CLASS_PROFESSOR (CLASS_NO, PROFESSOR_NO)
VALUES ('C1400800', 'P094');
INSERT INTO TB_CLASS_PROFESSOR (CLASS_NO, PROFESSOR_NO)
VALUES ('C1796300', 'P094');
INSERT INTO TB_CLASS_PROFESSOR (CLASS_NO, PROFESSOR_NO)
VALUES ('C1822200', 'P094');
INSERT INTO TB_CLASS_PROFESSOR (CLASS_NO, PROFESSOR_NO)
VALUES ('C2220900', 'P094');
INSERT INTO TB_CLASS_PROFESSOR (CLASS_NO, PROFESSOR_NO)
VALUES ('C2224900', 'P094');
INSERT INTO TB_CLASS_PROFESSOR (CLASS_NO, PROFESSOR_NO)
VALUES ('C2401400', 'P094');
INSERT INTO TB_CLASS_PROFESSOR (CLASS_NO, PROFESSOR_NO)
VALUES ('C2414400', 'P094');
INSERT INTO TB_CLASS_PROFESSOR (CLASS_NO, PROFESSOR_NO)
VALUES ('C5006900', 'P094');
INSERT INTO TB_CLASS_PROFESSOR (CLASS_NO, PROFESSOR_NO)
VALUES ('C3499800', 'P094');
INSERT INTO TB_CLASS_PROFESSOR (CLASS_NO, PROFESSOR_NO)
VALUES ('C3503400', 'P094');
INSERT INTO TB_CLASS_PROFESSOR (CLASS_NO, PROFESSOR_NO)
VALUES ('C3519600', 'P094');
INSERT INTO TB_CLASS_PROFESSOR (CLASS_NO, PROFESSOR_NO)
VALUES ('C4001200', 'P094');
INSERT INTO TB_CLASS_PROFESSOR (CLASS_NO, PROFESSOR_NO)
VALUES ('C3519300', 'P094');
INSERT INTO TB_CLASS_PROFESSOR (CLASS_NO, PROFESSOR_NO)
VALUES ('C0736763', 'P094');
INSERT INTO TB_CLASS_PROFESSOR (CLASS_NO, PROFESSOR_NO)
VALUES ('C0737563', 'P094');
INSERT INTO TB_CLASS_PROFESSOR (CLASS_NO, PROFESSOR_NO)
VALUES ('C5007000', 'P108');
INSERT INTO TB_CLASS_PROFESSOR (CLASS_NO, PROFESSOR_NO)
VALUES ('C1357500', 'P108');
INSERT INTO TB_CLASS_PROFESSOR (CLASS_NO, PROFESSOR_NO)
VALUES ('C1369900', 'P108');
INSERT INTO TB_CLASS_PROFESSOR (CLASS_NO, PROFESSOR_NO)
VALUES ('C1428800', 'P108');
INSERT INTO TB_CLASS_PROFESSOR (CLASS_NO, PROFESSOR_NO)
VALUES ('C1822200', 'P108');
INSERT INTO TB_CLASS_PROFESSOR (CLASS_NO, PROFESSOR_NO)
VALUES ('C4504700', 'P108');
INSERT INTO TB_CLASS_PROFESSOR (CLASS_NO, PROFESSOR_NO)
VALUES ('C2220900', 'P108');
INSERT INTO TB_CLASS_PROFESSOR (CLASS_NO, PROFESSOR_NO)
VALUES ('C2401400', 'P108');
INSERT INTO TB_CLASS_PROFESSOR (CLASS_NO, PROFESSOR_NO)
VALUES ('C2414400', 'P108');
INSERT INTO TB_CLASS_PROFESSOR (CLASS_NO, PROFESSOR_NO)
VALUES ('C2969800', 'P108');
INSERT INTO TB_CLASS_PROFESSOR (CLASS_NO, PROFESSOR_NO)
VALUES ('C5006900', 'P108');
INSERT INTO TB_CLASS_PROFESSOR (CLASS_NO, PROFESSOR_NO)
VALUES ('C3503400', 'P108');
INSERT INTO TB_CLASS_PROFESSOR (CLASS_NO, PROFESSOR_NO)
VALUES ('C3519600', 'P108');
INSERT INTO TB_CLASS_PROFESSOR (CLASS_NO, PROFESSOR_NO)
VALUES ('C4001200', 'P108');
INSERT INTO TB_CLASS_PROFESSOR (CLASS_NO, PROFESSOR_NO)
VALUES ('C0736763', 'P108');
INSERT INTO TB_CLASS_PROFESSOR (CLASS_NO, PROFESSOR_NO)
VALUES ('C0737063', 'P108');
INSERT INTO TB_CLASS_PROFESSOR (CLASS_NO, PROFESSOR_NO)
VALUES ('C0737563', 'P108');
INSERT INTO TB_CLASS_PROFESSOR (CLASS_NO, PROFESSOR_NO)
VALUES ('C0370300', 'P092');
INSERT INTO TB_CLASS_PROFESSOR (CLASS_NO, PROFESSOR_NO)
VALUES ('C1357500', 'P092');
INSERT INTO TB_CLASS_PROFESSOR (CLASS_NO, PROFESSOR_NO)
VALUES ('C1400800', 'P092');
INSERT INTO TB_CLASS_PROFESSOR (CLASS_NO, PROFESSOR_NO)
VALUES ('C1428800', 'P092');
INSERT INTO TB_CLASS_PROFESSOR (CLASS_NO, PROFESSOR_NO)
VALUES ('C1796300', 'P092');
INSERT INTO TB_CLASS_PROFESSOR (CLASS_NO, PROFESSOR_NO)
VALUES ('C1822200', 'P092');
INSERT INTO TB_CLASS_PROFESSOR (CLASS_NO, PROFESSOR_NO)
VALUES ('C4504700', 'P092');
INSERT INTO TB_CLASS_PROFESSOR (CLASS_NO, PROFESSOR_NO)
VALUES ('C2019500', 'P092');
INSERT INTO TB_CLASS_PROFESSOR (CLASS_NO, PROFESSOR_NO)
VALUES ('C2220900', 'P092');
INSERT INTO TB_CLASS_PROFESSOR (CLASS_NO, PROFESSOR_NO)
VALUES ('C2401400', 'P092');
INSERT INTO TB_CLASS_PROFESSOR (CLASS_NO, PROFESSOR_NO)
VALUES ('C3499800', 'P092');
INSERT INTO TB_CLASS_PROFESSOR (CLASS_NO, PROFESSOR_NO)
VALUES ('C3503400', 'P092');
INSERT INTO TB_CLASS_PROFESSOR (CLASS_NO, PROFESSOR_NO)
VALUES ('C4001200', 'P092');
INSERT INTO TB_CLASS_PROFESSOR (CLASS_NO, PROFESSOR_NO)
VALUES ('C3519300', 'P092');
INSERT INTO TB_CLASS_PROFESSOR (CLASS_NO, PROFESSOR_NO)
VALUES ('C0736763', 'P092');
INSERT INTO TB_CLASS_PROFESSOR (CLASS_NO, PROFESSOR_NO)
VALUES ('C5007000', 'P040');
INSERT INTO TB_CLASS_PROFESSOR (CLASS_NO, PROFESSOR_NO)
VALUES ('C1046600', 'P040');
INSERT INTO TB_CLASS_PROFESSOR (CLASS_NO, PROFESSOR_NO)
VALUES ('C1369900', 'P040');
INSERT INTO TB_CLASS_PROFESSOR (CLASS_NO, PROFESSOR_NO)
VALUES ('C1428800', 'P040');
INSERT INTO TB_CLASS_PROFESSOR (CLASS_NO, PROFESSOR_NO)
VALUES ('C4504700', 'P040');
INSERT INTO TB_CLASS_PROFESSOR (CLASS_NO, PROFESSOR_NO)
VALUES ('C2019500', 'P040');
INSERT INTO TB_CLASS_PROFESSOR (CLASS_NO, PROFESSOR_NO)
VALUES ('C2220900', 'P040');
INSERT INTO TB_CLASS_PROFESSOR (CLASS_NO, PROFESSOR_NO)
VALUES ('C2224900', 'P040');
INSERT INTO TB_CLASS_PROFESSOR (CLASS_NO, PROFESSOR_NO)
VALUES ('C2414400', 'P040');
INSERT INTO TB_CLASS_PROFESSOR (CLASS_NO, PROFESSOR_NO)
VALUES ('C2969800', 'P040');
INSERT INTO TB_CLASS_PROFESSOR (CLASS_NO, PROFESSOR_NO)
VALUES ('C5006900', 'P040');
INSERT INTO TB_CLASS_PROFESSOR (CLASS_NO, PROFESSOR_NO)
VALUES ('C3499800', 'P040');
INSERT INTO TB_CLASS_PROFESSOR (CLASS_NO, PROFESSOR_NO)
VALUES ('C3519600', 'P040');
INSERT INTO TB_CLASS_PROFESSOR (CLASS_NO, PROFESSOR_NO)
VALUES ('C3519900', 'P040');
INSERT INTO TB_CLASS_PROFESSOR (CLASS_NO, PROFESSOR_NO)
VALUES ('C4001200', 'P040');
INSERT INTO TB_CLASS_PROFESSOR (CLASS_NO, PROFESSOR_NO)
VALUES ('C0736763', 'P040');
INSERT INTO TB_CLASS_PROFESSOR (CLASS_NO, PROFESSOR_NO)
VALUES ('C0737063', 'P040');
INSERT INTO TB_CLASS_PROFESSOR (CLASS_NO, PROFESSOR_NO)
VALUES ('C4231600', 'P042');
INSERT INTO TB_CLASS_PROFESSOR (CLASS_NO, PROFESSOR_NO)
VALUES ('C1302000', 'P042');
INSERT INTO TB_CLASS_PROFESSOR (CLASS_NO, PROFESSOR_NO)
VALUES ('C4430400', 'P042');
INSERT INTO TB_CLASS_PROFESSOR (CLASS_NO, PROFESSOR_NO)
VALUES ('C4430500', 'P042');
INSERT INTO TB_CLASS_PROFESSOR (CLASS_NO, PROFESSOR_NO)
VALUES ('C3107100', 'P042');
INSERT INTO TB_CLASS_PROFESSOR (CLASS_NO, PROFESSOR_NO)
VALUES ('C3403800', 'P042');
INSERT INTO TB_CLASS_PROFESSOR (CLASS_NO, PROFESSOR_NO)
VALUES ('C4249800', 'P042');
INSERT INTO TB_CLASS_PROFESSOR (CLASS_NO, PROFESSOR_NO)
VALUES ('C0736764', 'P042');
INSERT INTO TB_CLASS_PROFESSOR (CLASS_NO, PROFESSOR_NO)
VALUES ('C0737564', 'P042');
INSERT INTO TB_CLASS_PROFESSOR (CLASS_NO, PROFESSOR_NO)
VALUES ('C2225401', 'P056');
INSERT INTO TB_CLASS_PROFESSOR (CLASS_NO, PROFESSOR_NO)
VALUES ('C2225402', 'P056');
INSERT INTO TB_CLASS_PROFESSOR (CLASS_NO, PROFESSOR_NO)
VALUES ('C0872200', 'P056');
INSERT INTO TB_CLASS_PROFESSOR (CLASS_NO, PROFESSOR_NO)
VALUES ('C1311300', 'P056');
INSERT INTO TB_CLASS_PROFESSOR (CLASS_NO, PROFESSOR_NO)
VALUES ('C4032200', 'P056');
INSERT INTO TB_CLASS_PROFESSOR (CLASS_NO, PROFESSOR_NO)
VALUES ('C0736765', 'P056');
INSERT INTO TB_CLASS_PROFESSOR (CLASS_NO, PROFESSOR_NO)
VALUES ('C0737065', 'P056');
INSERT INTO TB_CLASS_PROFESSOR (CLASS_NO, PROFESSOR_NO)
VALUES ('C2225401', 'P100');
INSERT INTO TB_CLASS_PROFESSOR (CLASS_NO, PROFESSOR_NO)
VALUES ('C1057400', 'P100');
INSERT INTO TB_CLASS_PROFESSOR (CLASS_NO, PROFESSOR_NO)
VALUES ('C1166600', 'P100');
INSERT INTO TB_CLASS_PROFESSOR (CLASS_NO, PROFESSOR_NO)
VALUES ('C4032200', 'P100');
INSERT INTO TB_CLASS_PROFESSOR (CLASS_NO, PROFESSOR_NO)
VALUES ('C0737065', 'P100');
INSERT INTO TB_CLASS_PROFESSOR (CLASS_NO, PROFESSOR_NO)
VALUES ('C4865800', 'P021');
INSERT INTO TB_CLASS_PROFESSOR (CLASS_NO, PROFESSOR_NO)
VALUES ('C5010900', 'P021');
INSERT INTO TB_CLASS_PROFESSOR (CLASS_NO, PROFESSOR_NO)
VALUES ('C5011000', 'P021');
INSERT INTO TB_CLASS_PROFESSOR (CLASS_NO, PROFESSOR_NO)
VALUES ('C0736766', 'P021');
INSERT INTO TB_CLASS_PROFESSOR (CLASS_NO, PROFESSOR_NO)
VALUES ('C5010900', 'P114');
INSERT INTO TB_CLASS_PROFESSOR (CLASS_NO, PROFESSOR_NO)
VALUES ('C5010900', 'P055');
INSERT INTO TB_CLASS_PROFESSOR (CLASS_NO, PROFESSOR_NO)
VALUES ('C5011000', 'P055');
INSERT INTO TB_CLASS_PROFESSOR (CLASS_NO, PROFESSOR_NO)
VALUES ('C0736766', 'P055');
INSERT INTO TB_CLASS_PROFESSOR (CLASS_NO, PROFESSOR_NO)
VALUES ('C5010800', 'P033');
INSERT INTO TB_CLASS_PROFESSOR (CLASS_NO, PROFESSOR_NO)
VALUES ('C4505100', 'P033');
INSERT INTO TB_CLASS_PROFESSOR (CLASS_NO, PROFESSOR_NO)
VALUES ('C0737566', 'P033');
INSERT INTO TB_CLASS_PROFESSOR (CLASS_NO, PROFESSOR_NO)
VALUES ('C0045801', 'P046');
INSERT INTO TB_CLASS_PROFESSOR (CLASS_NO, PROFESSOR_NO)
VALUES ('C0045803', 'P046');
INSERT INTO TB_CLASS_PROFESSOR (CLASS_NO, PROFESSOR_NO)
VALUES ('C0045804', 'P046');
INSERT INTO TB_CLASS_PROFESSOR (CLASS_NO, PROFESSOR_NO)
VALUES ('C0045805', 'P046');
INSERT INTO TB_CLASS_PROFESSOR (CLASS_NO, PROFESSOR_NO)
VALUES ('C0045806', 'P046');
INSERT INTO TB_CLASS_PROFESSOR (CLASS_NO, PROFESSOR_NO)
VALUES ('C0045903', 'P046');
INSERT INTO TB_CLASS_PROFESSOR (CLASS_NO, PROFESSOR_NO)
VALUES ('C0045906', 'P046');
INSERT INTO TB_CLASS_PROFESSOR (CLASS_NO, PROFESSOR_NO)
VALUES ('C0045907', 'P046');
INSERT INTO TB_CLASS_PROFESSOR (CLASS_NO, PROFESSOR_NO)
VALUES ('C4972600', 'P046');
INSERT INTO TB_CLASS_PROFESSOR (CLASS_NO, PROFESSOR_NO)
VALUES ('C0052300', 'P046');
INSERT INTO TB_CLASS_PROFESSOR (CLASS_NO, PROFESSOR_NO)
VALUES ('C4845202', 'P046');
INSERT INTO TB_CLASS_PROFESSOR (CLASS_NO, PROFESSOR_NO)
VALUES ('C4661300', 'P046');
INSERT INTO TB_CLASS_PROFESSOR (CLASS_NO, PROFESSOR_NO)
VALUES ('C4661302', 'P046');
INSERT INTO TB_CLASS_PROFESSOR (CLASS_NO, PROFESSOR_NO)
VALUES ('C4505800', 'P046');
INSERT INTO TB_CLASS_PROFESSOR (CLASS_NO, PROFESSOR_NO)
VALUES ('C1780300', 'P046');
INSERT INTO TB_CLASS_PROFESSOR (CLASS_NO, PROFESSOR_NO)
VALUES ('C1780301', 'P046');
INSERT INTO TB_CLASS_PROFESSOR (CLASS_NO, PROFESSOR_NO)
VALUES ('C1780302', 'P046');
INSERT INTO TB_CLASS_PROFESSOR (CLASS_NO, PROFESSOR_NO)
VALUES ('C1780700', 'P046');
INSERT INTO TB_CLASS_PROFESSOR (CLASS_NO, PROFESSOR_NO)
VALUES ('C1780701', 'P046');
INSERT INTO TB_CLASS_PROFESSOR (CLASS_NO, PROFESSOR_NO)
VALUES ('C2916900', 'P046');
INSERT INTO TB_CLASS_PROFESSOR (CLASS_NO, PROFESSOR_NO)
VALUES ('C0009800', 'P046');
INSERT INTO TB_CLASS_PROFESSOR (CLASS_NO, PROFESSOR_NO)
VALUES ('C4626500', 'P046');
INSERT INTO TB_CLASS_PROFESSOR (CLASS_NO, PROFESSOR_NO)
VALUES ('C5007400', 'P046');
INSERT INTO TB_CLASS_PROFESSOR (CLASS_NO, PROFESSOR_NO)
VALUES ('C4975200', 'P046');
INSERT INTO TB_CLASS_PROFESSOR (CLASS_NO, PROFESSOR_NO)
VALUES ('C0737567', 'P046');
INSERT INTO TB_CLASS_PROFESSOR (CLASS_NO, PROFESSOR_NO)
VALUES ('C0045700', 'P113');
INSERT INTO TB_CLASS_PROFESSOR (CLASS_NO, PROFESSOR_NO)
VALUES ('C0045800', 'P113');
INSERT INTO TB_CLASS_PROFESSOR (CLASS_NO, PROFESSOR_NO)
VALUES ('C0045802', 'P113');
INSERT INTO TB_CLASS_PROFESSOR (CLASS_NO, PROFESSOR_NO)
VALUES ('C0045805', 'P113');
INSERT INTO TB_CLASS_PROFESSOR (CLASS_NO, PROFESSOR_NO)
VALUES ('C0045807', 'P113');
INSERT INTO TB_CLASS_PROFESSOR (CLASS_NO, PROFESSOR_NO)
VALUES ('C0045905', 'P113');
INSERT INTO TB_CLASS_PROFESSOR (CLASS_NO, PROFESSOR_NO)
VALUES ('C0045907', 'P113');
INSERT INTO TB_CLASS_PROFESSOR (CLASS_NO, PROFESSOR_NO)
VALUES ('C4972600', 'P113');
INSERT INTO TB_CLASS_PROFESSOR (CLASS_NO, PROFESSOR_NO)
VALUES ('C0052300', 'P113');
INSERT INTO TB_CLASS_PROFESSOR (CLASS_NO, PROFESSOR_NO)
VALUES ('C4845200', 'P113');
INSERT INTO TB_CLASS_PROFESSOR (CLASS_NO, PROFESSOR_NO)
VALUES ('C4661300', 'P113');
INSERT INTO TB_CLASS_PROFESSOR (CLASS_NO, PROFESSOR_NO)
VALUES ('C4661301', 'P113');
INSERT INTO TB_CLASS_PROFESSOR (CLASS_NO, PROFESSOR_NO)
VALUES ('C4505800', 'P113');
INSERT INTO TB_CLASS_PROFESSOR (CLASS_NO, PROFESSOR_NO)
VALUES ('C1780300', 'P113');
INSERT INTO TB_CLASS_PROFESSOR (CLASS_NO, PROFESSOR_NO)
VALUES ('C2916900', 'P113');
INSERT INTO TB_CLASS_PROFESSOR (CLASS_NO, PROFESSOR_NO)
VALUES ('C5007500', 'P113');
INSERT INTO TB_CLASS_PROFESSOR (CLASS_NO, PROFESSOR_NO)
VALUES ('C4626500', 'P113');
INSERT INTO TB_CLASS_PROFESSOR (CLASS_NO, PROFESSOR_NO)
VALUES ('C5007400', 'P113');
INSERT INTO TB_CLASS_PROFESSOR (CLASS_NO, PROFESSOR_NO)
VALUES ('C5007300', 'P113');
INSERT INTO TB_CLASS_PROFESSOR (CLASS_NO, PROFESSOR_NO)
VALUES ('C4975200', 'P113');
INSERT INTO TB_CLASS_PROFESSOR (CLASS_NO, PROFESSOR_NO)
VALUES ('C5007700', 'P113');
INSERT INTO TB_CLASS_PROFESSOR (CLASS_NO, PROFESSOR_NO)
VALUES ('C3104200', 'P113');
INSERT INTO TB_CLASS_PROFESSOR (CLASS_NO, PROFESSOR_NO)
VALUES ('C5007200', 'P113');
INSERT INTO TB_CLASS_PROFESSOR (CLASS_NO, PROFESSOR_NO)
VALUES ('C0736767', 'P113');
INSERT INTO TB_CLASS_PROFESSOR (CLASS_NO, PROFESSOR_NO)
VALUES ('C0737067', 'P113');
INSERT INTO TB_CLASS_PROFESSOR (CLASS_NO, PROFESSOR_NO)
VALUES ('C0737567', 'P113');
INSERT INTO TB_CLASS_PROFESSOR (CLASS_NO, PROFESSOR_NO)
VALUES ('C2927300', 'P048');
INSERT INTO TB_CLASS_PROFESSOR (CLASS_NO, PROFESSOR_NO)
VALUES ('C2933000', 'P048');
INSERT INTO TB_CLASS_PROFESSOR (CLASS_NO, PROFESSOR_NO)
VALUES ('C3118100', 'P048');
INSERT INTO TB_CLASS_PROFESSOR (CLASS_NO, PROFESSOR_NO)
VALUES ('C0737017', 'P048');
INSERT INTO TB_CLASS_PROFESSOR (CLASS_NO, PROFESSOR_NO)
VALUES ('C2927300', 'P065');
INSERT INTO TB_CLASS_PROFESSOR (CLASS_NO, PROFESSOR_NO)
VALUES ('C0736717', 'P065');
INSERT INTO TB_CLASS_PROFESSOR (CLASS_NO, PROFESSOR_NO)
VALUES ('C3438400', 'P012');
INSERT INTO TB_CLASS_PROFESSOR (CLASS_NO, PROFESSOR_NO)
VALUES ('C4656900', 'P012');
INSERT INTO TB_CLASS_PROFESSOR (CLASS_NO, PROFESSOR_NO)
VALUES ('C1721700', 'P012');
INSERT INTO TB_CLASS_PROFESSOR (CLASS_NO, PROFESSOR_NO)
VALUES ('C1875600', 'P012');
INSERT INTO TB_CLASS_PROFESSOR (CLASS_NO, PROFESSOR_NO)
VALUES ('C1883300', 'P012');
INSERT INTO TB_CLASS_PROFESSOR (CLASS_NO, PROFESSOR_NO)
VALUES ('C4657100', 'P012');
INSERT INTO TB_CLASS_PROFESSOR (CLASS_NO, PROFESSOR_NO)
VALUES ('C3436800', 'P012');
INSERT INTO TB_CLASS_PROFESSOR (CLASS_NO, PROFESSOR_NO)
VALUES ('C4657000', 'P012');
INSERT INTO TB_CLASS_PROFESSOR (CLASS_NO, PROFESSOR_NO)
VALUES ('C0736726', 'P012');
INSERT INTO TB_CLASS_PROFESSOR (CLASS_NO, PROFESSOR_NO)
VALUES ('C0737026', 'P012');
INSERT INTO TB_CLASS_PROFESSOR (CLASS_NO, PROFESSOR_NO)
VALUES ('C0737526', 'P012');
INSERT INTO TB_CLASS_PROFESSOR (CLASS_NO, PROFESSOR_NO)
VALUES ('C3440800', 'P014');
INSERT INTO TB_CLASS_PROFESSOR (CLASS_NO, PROFESSOR_NO)
VALUES ('C4656900', 'P014');
INSERT INTO TB_CLASS_PROFESSOR (CLASS_NO, PROFESSOR_NO)
VALUES ('C1875600', 'P014');
INSERT INTO TB_CLASS_PROFESSOR (CLASS_NO, PROFESSOR_NO)
VALUES ('C1883300', 'P014');
INSERT INTO TB_CLASS_PROFESSOR (CLASS_NO, PROFESSOR_NO)
VALUES ('C4657100', 'P014');
INSERT INTO TB_CLASS_PROFESSOR (CLASS_NO, PROFESSOR_NO)
VALUES ('C3436800', 'P014');
INSERT INTO TB_CLASS_PROFESSOR (CLASS_NO, PROFESSOR_NO)
VALUES ('C0737026', 'P014');
commit;
prompt 776 records loaded
prompt Loading TB_STUDENT...
INSERT INTO TB_STUDENT (STUDENT_NO, DEPARTMENT_NO, STUDENT_NAME, STUDENT_SSN, STUDENT_ADDRESS, ENTRANCE_DATE, ABSENCE_YN, COACH_PROFESSOR_NO)
VALUES ('A213046', '018', '서가람', '830530-2124663', '경기도 군포시 산본동 1052번지 대림아파트 724-301호', to_date('01-03-2002', 'dd-mm-yyyy'), 'N', 'P095');
INSERT INTO TB_STUDENT (STUDENT_NO, DEPARTMENT_NO, STUDENT_NAME, STUDENT_SSN, STUDENT_ADDRESS, ENTRANCE_DATE, ABSENCE_YN, COACH_PROFESSOR_NO)
VALUES ('A445008', '008', '남가영', '860510-2120325', '인천광역시 남동구 구월1동 1129-5 4층', to_date('01-03-2004', 'dd-mm-yyyy'), 'Y', 'P109');
INSERT INTO TB_STUDENT (STUDENT_NO, DEPARTMENT_NO, STUDENT_NAME, STUDENT_SSN, STUDENT_ADDRESS, ENTRANCE_DATE, ABSENCE_YN, COACH_PROFESSOR_NO)
VALUES ('A213128', '060', '주강민', '840808-1165595', '경기도 양평군 양평읍 회현리 591-6번지', to_date('01-03-2002', 'dd-mm-yyyy'), 'N', 'P077');
INSERT INTO TB_STUDENT (STUDENT_NO, DEPARTMENT_NO, STUDENT_NAME, STUDENT_SSN, STUDENT_ADDRESS, ENTRANCE_DATE, ABSENCE_YN, COACH_PROFESSOR_NO)
VALUES ('A313047', '008', '손건영', '840718-1164847', '인천광역시 남동구 논현동 풍림아파트 107-1205', to_date('01-03-2003', 'dd-mm-yyyy'), 'N', 'P034');
INSERT INTO TB_STUDENT (STUDENT_NO, DEPARTMENT_NO, STUDENT_NAME, STUDENT_SSN, STUDENT_ADDRESS, ENTRANCE_DATE, ABSENCE_YN, COACH_PROFESSOR_NO)
VALUES ('A413042', '025', '박건우', '850326-1153916', '경기도 파주시 적성면 장현2리 산65번지', to_date('01-03-2004', 'dd-mm-yyyy'), 'N', 'P072');
INSERT INTO TB_STUDENT (STUDENT_NO, DEPARTMENT_NO, STUDENT_NAME, STUDENT_SSN, STUDENT_ADDRESS, ENTRANCE_DATE, ABSENCE_YN, COACH_PROFESSOR_NO)
VALUES ('A413074', '040', '이경란', '850910-2135219', '서울시 양천구 신정7동 신시가지아파트 1101-601', to_date('01-03-2004', 'dd-mm-yyyy'), 'N', 'P066');
INSERT INTO TB_STUDENT (STUDENT_NO, DEPARTMENT_NO, STUDENT_NAME, STUDENT_SSN, STUDENT_ADDRESS, ENTRANCE_DATE, ABSENCE_YN, COACH_PROFESSOR_NO)
VALUES ('A513013', '020', '김경륜', '870609-1150661', '서울시 영등포구 신길2동 우성아파트 401-1109호', to_date('01-03-2005', 'dd-mm-yyyy'), 'N', 'P058');
INSERT INTO TB_STUDENT (STUDENT_NO, DEPARTMENT_NO, STUDENT_NAME, STUDENT_SSN, STUDENT_ADDRESS, ENTRANCE_DATE, ABSENCE_YN, COACH_PROFESSOR_NO)
VALUES ('A513016', '007', '김경민', '870101-1116479', '서울시 노원구 하계동 270 현대아파트 103-1503호', to_date('01-03-2005', 'dd-mm-yyyy'), 'N', 'P076');
INSERT INTO TB_STUDENT (STUDENT_NO, DEPARTMENT_NO, STUDENT_NAME, STUDENT_SSN, STUDENT_ADDRESS, ENTRANCE_DATE, ABSENCE_YN, COACH_PROFESSOR_NO)
VALUES ('A513028', '022', '김경민', '861030-1139882', '강원 원주시 신림면 황둔2리 1545번지', to_date('01-03-2005', 'dd-mm-yyyy'), 'N', 'P083');
INSERT INTO TB_STUDENT (STUDENT_NO, DEPARTMENT_NO, STUDENT_NAME, STUDENT_SSN, STUDENT_ADDRESS, ENTRANCE_DATE, ABSENCE_YN, COACH_PROFESSOR_NO)
VALUES ('A513035', '009', '박경애', '850315-2142444', '경기도 안산시 본오동 태영아파트 102-108호', to_date('01-03-2005', 'dd-mm-yyyy'), 'N', 'P064');
INSERT INTO TB_STUDENT (STUDENT_NO, DEPARTMENT_NO, STUDENT_NAME, STUDENT_SSN, STUDENT_ADDRESS, ENTRANCE_DATE, ABSENCE_YN, COACH_PROFESSOR_NO)
VALUES ('A513036', '061', '박경원', '860822-1119894', '부산광역시 동구 범일2동 830-90 한양아파트 1동 208호', to_date('01-03-2005', 'dd-mm-yyyy'), 'Y', 'P021');
INSERT INTO TB_STUDENT (STUDENT_NO, DEPARTMENT_NO, STUDENT_NAME, STUDENT_SSN, STUDENT_ADDRESS, ENTRANCE_DATE, ABSENCE_YN, COACH_PROFESSOR_NO)
VALUES ('A513065', '056', '이경택', '850714-1109099', '경기도 용인시 상현동 만현마을 LG 자이아파트 902-703', to_date('01-03-2005', 'dd-mm-yyyy'), 'Y', 'P106');
INSERT INTO TB_STUDENT (STUDENT_NO, DEPARTMENT_NO, STUDENT_NAME, STUDENT_SSN, STUDENT_ADDRESS, ENTRANCE_DATE, ABSENCE_YN, COACH_PROFESSOR_NO)
VALUES ('A513073', '057', '이경호', '851016-1128579', '경기도 광주시 오포읍 능평리 298 PEACE & COLOR', to_date('01-03-2005', 'dd-mm-yyyy'), 'N', 'P006');
INSERT INTO TB_STUDENT (STUDENT_NO, DEPARTMENT_NO, STUDENT_NAME, STUDENT_SSN, STUDENT_ADDRESS, ENTRANCE_DATE, ABSENCE_YN, COACH_PROFESSOR_NO)
VALUES ('A513074', '049', '이경호', '870228-1175947', '서울시 중구 충무로2가 50-5 태오빌딩 301호', to_date('01-03-2005', 'dd-mm-yyyy'), 'N', 'P037');
INSERT INTO TB_STUDENT (STUDENT_NO, DEPARTMENT_NO, STUDENT_NAME, STUDENT_SSN, STUDENT_ADDRESS, ENTRANCE_DATE, ABSENCE_YN, COACH_PROFESSOR_NO)
VALUES ('A513079', '016', '이경환', '870721-1161529', '서울시 마포구 서교동 369-21번지', to_date('01-03-2005', 'dd-mm-yyyy'), 'Y', 'P025');
INSERT INTO TB_STUDENT (STUDENT_NO, DEPARTMENT_NO, STUDENT_NAME, STUDENT_SSN, STUDENT_ADDRESS, ENTRANCE_DATE, ABSENCE_YN, COACH_PROFESSOR_NO)
VALUES ('A513090', '045', '정경환', '850502-112